,State,County,Census_Tract,Population
0,AK,Aleutians East,3141,1
1,AK,Aleutians West,5561,2
2,AK,Anchorage,291826,55
3,AK,Bethel,17013,3
4,AK,Bristol Bay,997,1
5,AK,Denali,1826,1
6,AK,Dillingham,4847,2
7,AK,Fairbanks North Star,97581,19
8,AK,Haines,2508,1
9,AK,Hoonah-Angoon,2150,2
10,AK,Juneau,31275,6
11,AK,Kenai Peninsula,55400,13
12,AK,Ketchikan Gateway,13477,4
13,AK,Kodiak Island,13592,5
14,AK,Lake and Peninsula,1631,1
15,AK,Matanuska-Susitna,88995,24
16,AK,Nome,9492,2
17,AK,North Slope,9430,3
18,AK,Northwest Arctic,7523,2
19,AK,Petersburg,3815,1
20,AK,Prince of Wales-Hyder,5559,4
21,AK,Sitka,8881,2
22,AK,Skagway,968,1
23,AK,Southeast Fairbanks,7029,2
24,AK,Valdez-Cordova,9636,3
25,AK,Wade Hampton,7459,1
26,AK,Wrangell,2369,1
27,AK,Yakutat,662,1
28,AK,Yukon-Koyukuk,5588,4
29,AL,Autauga,54571,12
30,AL,Baldwin,182265,31
31,AL,Barbour,27457,9
32,AL,Bibb,22915,4
33,AL,Blount,57322,9
34,AL,Bullock,10914,3
35,AL,Butler,20947,9
36,AL,Calhoun,118572,31
37,AL,Chambers,34215,9
38,AL,Cherokee,25989,6
39,AL,Chilton,43643,9
40,AL,Choctaw,13859,4
41,AL,Clarke,25833,9
42,AL,Clay,13932,4
43,AL,Cleburne,14972,4
44,AL,Coffee,49948,14
45,AL,Colbert,54428,14
46,AL,Conecuh,13228,5
47,AL,Coosa,11539,3
48,AL,Covington,37765,14
49,AL,Crenshaw,13906,6
50,AL,Cullman,80406,18
51,AL,Dale,50251,14
52,AL,Dallas,43820,15
53,AL,DeKalb,71109,14
54,AL,Elmore,79303,15
55,AL,Escambia,38319,9
56,AL,Etowah,104430,30
57,AL,Fayette,17241,5
58,AL,Franklin,31704,9
59,AL,Geneva,26790,6
60,AL,Greene,9045,3
61,AL,Hale,15760,6
62,AL,Henry,17302,6
63,AL,Houston,101547,22
64,AL,Jackson,53227,11
65,AL,Jefferson,658466,163
66,AL,Lamar,14564,3
67,AL,Lauderdale,92709,22
68,AL,Lawrence,34339,9
69,AL,Lee,140247,27
70,AL,Limestone,82782,16
71,AL,Lowndes,11299,4
72,AL,Macon,21452,12
73,AL,Madison,334811,73
74,AL,Marengo,21027,6
75,AL,Marion,30776,8
76,AL,Marshall,93019,18
77,AL,Mobile,412992,114
78,AL,Monroe,23068,7
79,AL,Montgomery,229363,65
80,AL,Morgan,119490,27
81,AL,Perry,10591,3
82,AL,Pickens,19746,5
83,AL,Pike,32899,8
84,AL,Randolph,22913,6
85,AL,Russell,52947,13
86,AL,Shelby,195085,48
87,AL,St. Clair,83593,13
88,AL,Sumter,13763,4
89,AL,Talladega,82291,22
90,AL,Tallapoosa,41616,10
91,AL,Tuscaloosa,194656,47
92,AL,Walker,67023,18
93,AL,Washington,17581,5
94,AL,Wilcox,11670,4
95,AL,Winston,24484,7
96,AR,Arkansas,19019,8
97,AR,Ashley,21853,7
98,AR,Baxter,41513,9
99,AR,Benton,221339,49
100,AR,Boone,36903,7
101,AR,Bradley,11508,5
102,AR,Calhoun,5368,2
103,AR,Carroll,27446,5
104,AR,Chicot,11800,4
105,AR,Clark,22995,5
106,AR,Clay,16083,6
107,AR,Cleburne,25970,7
108,AR,Cleveland,8689,2
109,AR,Columbia,24552,5
110,AR,Conway,21273,6
111,AR,Craighead,96443,17
112,AR,Crawford,61948,11
113,AR,Crittenden,50902,20
114,AR,Cross,17870,6
115,AR,Dallas,8116,3
116,AR,Desha,13008,5
117,AR,Drew,18509,5
118,AR,Faulkner,113237,25
119,AR,Franklin,18125,3
120,AR,Fulton,12245,2
121,AR,Garland,96024,20
122,AR,Grant,17853,4
123,AR,Greene,42090,9
124,AR,Hempstead,22609,5
125,AR,Hot Spring,32923,7
126,AR,Howard,13789,3
127,AR,Independence,36647,8
128,AR,Izard,13696,4
129,AR,Jackson,17997,5
130,AR,Jefferson,77435,24
131,AR,Johnson,25540,6
132,AR,Lafayette,7645,2
133,AR,Lawrence,17415,6
134,AR,Lee,10424,4
135,AR,Lincoln,14134,4
136,AR,Little River,13171,4
137,AR,Logan,22353,6
138,AR,Lonoke,68356,16
139,AR,Madison,15717,4
140,AR,Marion,16653,4
141,AR,Miller,43462,12
142,AR,Mississippi,46480,12
143,AR,Monroe,8149,3
144,AR,Montgomery,9487,3
145,AR,Nevada,8997,3
146,AR,Newton,8330,2
147,AR,Ouachita,26120,6
148,AR,Perry,10445,3
149,AR,Phillips,21757,6
150,AR,Pike,11291,3
151,AR,Poinsett,24583,7
152,AR,Polk,20662,6
153,AR,Pope,61754,11
154,AR,Prairie,8715,3
155,AR,Pulaski,382748,95
156,AR,Randolph,17969,4
157,AR,Saline,107118,21
158,AR,Scott,11233,3
159,AR,Searcy,8195,3
160,AR,Sebastian,125744,26
161,AR,Sevier,17058,4
162,AR,Sharp,17264,4
163,AR,St. Francis,28258,6
164,AR,Stone,12394,3
165,AR,Union,41639,10
166,AR,Van Buren,17295,5
167,AR,Washington,203065,32
168,AR,White,77076,13
169,AR,Woodruff,7260,2
170,AR,Yell,22185,6
171,AZ,Apache,71518,16
172,AZ,Cochise,131346,32
173,AZ,Coconino,134421,28
174,AZ,Gila,53597,16
175,AZ,Graham,37220,9
176,AZ,Greenlee,8437,3
177,AZ,La Paz,20489,9
178,AZ,Maricopa,3817117,916
179,AZ,Mohave,200186,43
180,AZ,Navajo,107449,31
181,AZ,Pima,980263,241
182,AZ,Pinal,375770,75
183,AZ,Santa Cruz,47420,10
184,AZ,Yavapai,211033,42
185,AZ,Yuma,195751,55
186,CA,Alameda,1510271,360
187,CA,Alpine,1175,1
188,CA,Amador,38091,9
189,CA,Butte,220000,51
190,CA,Calaveras,45578,10
191,CA,Colusa,21419,5
192,CA,Contra Costa,1049025,208
193,CA,Del Norte,28610,7
194,CA,El Dorado,181058,43
195,CA,Fresno,930450,199
196,CA,Glenn,28122,6
197,CA,Humboldt,134623,30
198,CA,Imperial,174528,31
199,CA,Inyo,18546,6
200,CA,Kern,839631,151
201,CA,Kings,152982,27
202,CA,Lake,64665,15
203,CA,Lassen,34895,9
204,CA,Los Angeles,9818605,2343
205,CA,Madera,150865,23
206,CA,Marin,252409,55
207,CA,Mariposa,18251,6
208,CA,Mendocino,87841,20
209,CA,Merced,255793,49
210,CA,Modoc,9686,4
211,CA,Mono,14202,3
212,CA,Monterey,415057,93
213,CA,Napa,136484,40
214,CA,Nevada,98764,20
215,CA,Orange,3010232,583
216,CA,Placer,348432,85
217,CA,Plumas,20007,7
218,CA,Riverside,2189641,453
219,CA,Sacramento,1418788,317
220,CA,San Benito,55269,11
221,CA,San Bernardino,2035210,369
222,CA,San Diego,3095313,628
223,CA,San Francisco,805235,196
224,CA,San Joaquin,685306,139
225,CA,San Luis Obispo,269637,53
226,CA,San Mateo,718451,158
227,CA,Santa Barbara,423895,90
228,CA,Santa Clara,1781642,372
229,CA,Santa Cruz,262382,52
230,CA,Shasta,177223,48
231,CA,Sierra,3240,1
232,CA,Siskiyou,44900,14
233,CA,Solano,413344,96
234,CA,Sonoma,483878,99
235,CA,Stanislaus,514453,94
236,CA,Sutter,94737,21
237,CA,Tehama,63463,11
238,CA,Trinity,13786,5
239,CA,Tulare,442179,78
240,CA,Tuolumne,55365,11
241,CA,Ventura,823318,174
242,CA,Yolo,200849,41
243,CA,Yuba,72155,14
244,CO,Adams,441603,97
245,CO,Alamosa,15445,4
246,CO,Arapahoe,572003,147
247,CO,Archuleta,12084,4
248,CO,Baca,3788,2
249,CO,Bent,6499,1
250,CO,Boulder,294567,68
251,CO,Broomfield,55889,18
252,CO,Chaffee,17809,5
253,CO,Cheyenne,1836,1
254,CO,Clear Creek,9088,3
255,CO,Conejos,8256,2
256,CO,Costilla,3524,2
257,CO,Crowley,5823,1
258,CO,Custer,4255,1
259,CO,Delta,30952,7
260,CO,Denver,600158,144
261,CO,Dolores,2064,1
262,CO,Douglas,285465,61
263,CO,Eagle,52197,14
264,CO,El Paso,622263,130
265,CO,Elbert,23086,7
266,CO,Fremont,46824,14
267,CO,Garfield,56389,11
268,CO,Gilpin,5441,1
269,CO,Grand,14843,3
270,CO,Gunnison,15324,4
271,CO,Hinsdale,843,1
272,CO,Huerfano,6711,2
273,CO,Jackson,1394,1
274,CO,Jefferson,534543,138
275,CO,Kiowa,1398,1
276,CO,Kit Carson,8270,3
277,CO,La Plata,51334,10
278,CO,Lake,7310,2
279,CO,Larimer,299630,73
280,CO,Las Animas,15507,6
281,CO,Lincoln,5467,2
282,CO,Logan,22709,6
283,CO,Mesa,146723,29
284,CO,Mineral,712,1
285,CO,Moffat,13795,4
286,CO,Montezuma,25535,7
287,CO,Montrose,41276,10
288,CO,Morgan,28159,8
289,CO,Otero,18831,7
290,CO,Ouray,4436,1
291,CO,Park,16206,5
292,CO,Phillips,4442,2
293,CO,Pitkin,17148,4
294,CO,Prowers,12551,5
295,CO,Pueblo,159063,55
296,CO,Rio Blanco,6666,2
297,CO,Rio Grande,11982,3
298,CO,Routt,23509,8
299,CO,Saguache,6108,2
300,CO,San Juan,699,1
301,CO,San Miguel,7359,4
302,CO,Sedgwick,2379,1
303,CO,Summit,27994,5
304,CO,Teller,23350,6
305,CO,Washington,4814,2
306,CO,Weld,252825,77
307,CO,Yuma,10043,2
308,CT,Fairfield,916829,211
309,CT,Hartford,894014,224
310,CT,Litchfield,189927,51
311,CT,Middlesex,165676,36
312,CT,New Haven,862477,190
313,CT,New London,274055,66
314,CT,Tolland,152691,29
315,CT,Windham,118428,25
316,DC,District of Columbia,601723,179
317,DE,Kent,162310,33
318,DE,New Castle,538479,131
319,DE,Sussex,197145,54
320,FL,Alachua,247336,56
321,FL,Baker,27115,4
322,FL,Bay,168852,44
323,FL,Bradford,28520,4
324,FL,Brevard,543376,113
325,FL,Broward,1748066,361
326,FL,Calhoun,14625,3
327,FL,Charlotte,159978,39
328,FL,Citrus,141236,27
329,FL,Clay,190865,30
330,FL,Collier,321520,73
331,FL,Columbia,67531,12
332,FL,DeSoto,34862,9
333,FL,Dixie,16422,3
334,FL,Duval,864263,173
335,FL,Escambia,297619,71
336,FL,Flagler,95696,20
337,FL,Franklin,11549,4
338,FL,Gadsden,46389,9
339,FL,Gilchrist,16939,5
340,FL,Glades,12884,4
341,FL,Gulf,15863,3
342,FL,Hamilton,14799,3
343,FL,Hardee,27731,6
344,FL,Hendry,39140,7
345,FL,Hernando,172778,45
346,FL,Highlands,98786,27
347,FL,Hillsborough,1229226,321
348,FL,Holmes,19927,4
349,FL,Indian River,138028,30
350,FL,Jackson,49746,11
351,FL,Jefferson,14761,3
352,FL,Lafayette,8870,2
353,FL,Lake,297052,56
354,FL,Lee,618754,166
355,FL,Leon,275487,68
356,FL,Levy,40801,9
357,FL,Liberty,8365,2
358,FL,Madison,19224,5
359,FL,Manatee,322833,78
360,FL,Marion,331298,63
361,FL,Martin,146318,35
362,FL,Miami-Dade,2496435,519
363,FL,Monroe,73090,30
364,FL,Nassau,73314,12
365,FL,Okaloosa,180822,41
366,FL,Okeechobee,39996,12
367,FL,Orange,1145956,207
368,FL,Osceola,268685,41
369,FL,Palm Beach,1320134,337
370,FL,Pasco,464697,134
371,FL,Pinellas,916542,245
372,FL,Polk,602095,154
373,FL,Putnam,74364,17
374,FL,Santa Rosa,151372,25
375,FL,Sarasota,379448,94
376,FL,Seminole,422718,86
377,FL,St. Johns,190039,40
378,FL,St. Lucie,277789,44
379,FL,Sumter,93420,19
380,FL,Suwannee,41551,7
381,FL,Taylor,22570,4
382,FL,Union,15535,3
383,FL,Volusia,494593,113
384,FL,Wakulla,30776,4
385,FL,Walton,55043,11
386,FL,Washington,24896,7
387,GA,Appling,18236,5
388,GA,Atkinson,8375,3
389,GA,Bacon,11096,3
390,GA,Baker,3451,2
391,GA,Baldwin,45720,9
392,GA,Banks,18395,4
393,GA,Barrow,69367,18
394,GA,Bartow,100157,15
395,GA,Ben Hill,17634,5
396,GA,Berrien,19286,6
397,GA,Bibb,155547,44
398,GA,Bleckley,13063,3
399,GA,Brantley,18411,3
400,GA,Brooks,16243,5
401,GA,Bryan,30233,7
402,GA,Bulloch,70217,12
403,GA,Burke,23316,6
404,GA,Butts,23655,3
405,GA,Calhoun,6694,2
406,GA,Camden,50513,10
407,GA,Candler,10998,3
408,GA,Carroll,110527,17
409,GA,Catoosa,63942,11
410,GA,Charlton,12171,2
411,GA,Chatham,265128,72
412,GA,Chattahoochee,11267,5
413,GA,Chattooga,26015,6
414,GA,Cherokee,214346,26
415,GA,Clarke,116714,30
416,GA,Clay,3183,1
417,GA,Clayton,259424,50
418,GA,Clinch,6798,2
419,GA,Cobb,688078,120
420,GA,Coffee,42356,9
421,GA,Colquitt,45498,10
422,GA,Columbia,124053,20
423,GA,Cook,17212,4
424,GA,Coweta,127317,20
425,GA,Crawford,12630,3
426,GA,Crisp,23439,6
427,GA,Dade,16633,4
428,GA,Dawson,22330,3
429,GA,DeKalb,691893,145
430,GA,Decatur,27842,7
431,GA,Dodge,21796,6
432,GA,Dooly,14918,3
433,GA,Dougherty,94565,27
434,GA,Douglas,132403,20
435,GA,Early,11008,5
436,GA,Echols,4034,2
437,GA,Effingham,52250,10
438,GA,Elbert,20166,5
439,GA,Emanuel,22598,6
440,GA,Evans,11000,3
441,GA,Fannin,23682,5
442,GA,Fayette,106567,20
443,GA,Floyd,96317,20
444,GA,Forsyth,175511,45
445,GA,Franklin,22084,5
446,GA,Fulton,920581,204
447,GA,Gilmer,28292,5
448,GA,Glascock,3082,1
449,GA,Glynn,79626,15
450,GA,Gordon,55186,9
451,GA,Grady,25011,6
452,GA,Greene,15994,7
453,GA,Gwinnett,805321,113
454,GA,Habersham,43041,8
455,GA,Hall,179684,36
456,GA,Hancock,9429,2
457,GA,Haralson,28780,5
458,GA,Harris,32024,5
459,GA,Hart,25213,5
460,GA,Heard,11834,3
461,GA,Henry,203922,25
462,GA,Houston,139900,23
463,GA,Irwin,9538,2
464,GA,Jackson,60485,11
465,GA,Jasper,13900,3
466,GA,Jeff Davis,15068,3
467,GA,Jefferson,16930,4
468,GA,Jenkins,8340,2
469,GA,Johnson,9980,3
470,GA,Jones,28669,6
471,GA,Lamar,18317,3
472,GA,Lanier,10078,2
473,GA,Laurens,48434,13
474,GA,Lee,28298,5
475,GA,Liberty,63453,14
476,GA,Lincoln,7996,2
477,GA,Long,14464,3
478,GA,Lowndes,109233,25
479,GA,Lumpkin,29966,4
480,GA,Macon,14740,4
481,GA,Madison,28120,6
482,GA,Marion,8742,2
483,GA,McDuffie,21875,5
484,GA,McIntosh,14333,4
485,GA,Meriwether,21992,4
486,GA,Miller,6125,3
487,GA,Mitchell,23498,5
488,GA,Monroe,26424,5
489,GA,Montgomery,9123,3
490,GA,Morgan,17868,5
491,GA,Murray,39628,8
492,GA,Muscogee,189885,53
493,GA,Newton,99958,13
494,GA,Oconee,32808,6
495,GA,Oglethorpe,14899,4
496,GA,Paulding,142324,19
497,GA,Peach,27695,6
498,GA,Pickens,29431,6
499,GA,Pierce,18758,4
500,GA,Pike,17869,4
501,GA,Polk,41475,7
502,GA,Pulaski,12010,3
503,GA,Putnam,21218,5
504,GA,Quitman,2513,1
505,GA,Rabun,16276,5
506,GA,Randolph,7719,2
507,GA,Richmond,200549,47
508,GA,Rockdale,85215,15
509,GA,Schley,5010,2
510,GA,Screven,14593,5
511,GA,Seminole,8729,3
512,GA,Spalding,64073,12
513,GA,Stephens,26175,5
514,GA,Stewart,6058,2
515,GA,Sumter,32819,8
516,GA,Talbot,6865,3
517,GA,Taliaferro,1717,1
518,GA,Tattnall,25520,5
519,GA,Taylor,8906,3
520,GA,Telfair,16500,3
521,GA,Terrell,9315,4
522,GA,Thomas,44720,11
523,GA,Tift,40118,9
524,GA,Toombs,27223,6
525,GA,Towns,10471,3
526,GA,Treutlen,6885,2
527,GA,Troup,67044,14
528,GA,Turner,8930,2
529,GA,Twiggs,9023,2
530,GA,Union,21356,6
531,GA,Upson,27153,7
532,GA,Walker,68756,13
533,GA,Walton,83768,15
534,GA,Ware,36312,9
535,GA,Warren,5834,2
536,GA,Washington,21187,5
537,GA,Wayne,30099,6
538,GA,Webster,2799,2
539,GA,Wheeler,7421,2
540,GA,White,27144,5
541,GA,Whitfield,102599,18
542,GA,Wilcox,9255,4
543,GA,Wilkes,10593,4
544,GA,Wilkinson,9563,3
545,GA,Worth,21679,5
546,HI,Hawaii,185079,34
547,HI,Honolulu,953207,244
548,HI,Kalawao,90,1
549,HI,Kauai,67091,16
550,HI,Maui,154834,37
551,IA,Adair,7682,3
552,IA,Adams,4029,2
553,IA,Allamakee,14330,5
554,IA,Appanoose,12887,5
555,IA,Audubon,6119,3
556,IA,Benton,26076,7
557,IA,Black Hawk,131090,38
558,IA,Boone,26306,7
559,IA,Bremer,24276,8
560,IA,Buchanan,20958,6
561,IA,Buena Vista,20260,6
562,IA,Butler,14867,5
563,IA,Calhoun,9670,4
564,IA,Carroll,20816,6
565,IA,Cass,13956,5
566,IA,Cedar,18499,5
567,IA,Cerro Gordo,44151,11
568,IA,Cherokee,12072,4
569,IA,Chickasaw,12439,4
570,IA,Clarke,9286,3
571,IA,Clay,16667,4
572,IA,Clayton,18129,6
573,IA,Clinton,49116,12
574,IA,Crawford,17096,5
575,IA,Dallas,66135,15
576,IA,Davis,8753,2
577,IA,Decatur,8457,3
578,IA,Delaware,17764,4
579,IA,Des Moines,40325,11
580,IA,Dickinson,16667,5
581,IA,Dubuque,93653,26
582,IA,Emmet,10302,4
583,IA,Fayette,20880,7
584,IA,Floyd,16303,5
585,IA,Franklin,10680,3
586,IA,Fremont,7441,3
587,IA,Greene,9336,4
588,IA,Grundy,12453,4
589,IA,Guthrie,10954,3
590,IA,Hamilton,15673,5
591,IA,Hancock,11341,4
592,IA,Hardin,17534,6
593,IA,Harrison,14928,5
594,IA,Henry,20145,5
595,IA,Howard,9566,3
596,IA,Humboldt,9815,4
597,IA,Ida,7089,3
598,IA,Iowa,16355,4
599,IA,Jackson,19848,6
600,IA,Jasper,36842,9
601,IA,Jefferson,16843,4
602,IA,Johnson,130882,24
603,IA,Jones,20638,5
604,IA,Keokuk,10511,4
605,IA,Kossuth,15543,6
606,IA,Lee,35862,11
607,IA,Linn,211226,45
608,IA,Louisa,11387,3
609,IA,Lucas,8898,4
610,IA,Lyon,11581,3
611,IA,Madison,15679,3
612,IA,Mahaska,22381,7
613,IA,Marion,33309,8
614,IA,Marshall,40648,10
615,IA,Mills,15059,5
616,IA,Mitchell,10776,3
617,IA,Monona,9243,4
618,IA,Monroe,7970,3
619,IA,Montgomery,10740,4
620,IA,Muscatine,42745,10
621,IA,O'Brien,14398,4
622,IA,Osceola,6462,2
623,IA,Page,15932,6
624,IA,Palo Alto,9421,4
625,IA,Plymouth,24986,6
626,IA,Pocahontas,7310,3
627,IA,Polk,430640,98
628,IA,Pottawattamie,93158,30
629,IA,Poweshiek,18914,5
630,IA,Ringgold,5131,2
631,IA,Sac,10350,4
632,IA,Scott,165224,47
633,IA,Shelby,12167,4
634,IA,Sioux,33704,7
635,IA,Story,89542,20
636,IA,Tama,17767,6
637,IA,Taylor,6317,3
638,IA,Union,12534,4
639,IA,Van Buren,7570,2
640,IA,Wapello,35625,11
641,IA,Warren,46225,12
642,IA,Washington,21704,5
643,IA,Wayne,6403,3
644,IA,Webster,38013,12
645,IA,Winnebago,10866,3
646,IA,Winneshiek,21056,5
647,IA,Woodbury,102172,26
648,IA,Worth,7598,3
649,IA,Wright,13229,5
650,ID,Ada,392365,59
651,ID,Adams,3976,2
652,ID,Bannock,82839,22
653,ID,Bear Lake,5986,2
654,ID,Benewah,9285,2
655,ID,Bingham,45607,8
656,ID,Blaine,21376,4
657,ID,Boise,7028,1
658,ID,Bonner,40877,9
659,ID,Bonneville,104234,21
660,ID,Boundary,10972,2
661,ID,Butte,2891,1
662,ID,Camas,1117,1
663,ID,Canyon,188923,29
664,ID,Caribou,6963,2
665,ID,Cassia,22952,6
666,ID,Clark,982,1
667,ID,Clearwater,8761,2
668,ID,Custer,4368,1
669,ID,Elmore,27038,5
670,ID,Franklin,12786,2
671,ID,Fremont,13242,3
672,ID,Gem,16719,3
673,ID,Gooding,15464,2
674,ID,Idaho,16267,5
675,ID,Jefferson,26140,4
676,ID,Jerome,22374,5
677,ID,Kootenai,138494,25
678,ID,Latah,37244,7
679,ID,Lemhi,7936,3
680,ID,Lewis,3821,3
681,ID,Lincoln,5208,1
682,ID,Madison,37536,6
683,ID,Minidoka,20069,5
684,ID,Nez Perce,39265,10
685,ID,Oneida,4286,1
686,ID,Owyhee,11526,3
687,ID,Payette,22623,4
688,ID,Power,7817,2
689,ID,Shoshone,12765,3
690,ID,Teton,10170,1
691,ID,Twin Falls,77230,14
692,ID,Valley,9862,3
693,ID,Washington,10198,3
694,IL,Adams,67103,18
695,IL,Alexander,8238,4
696,IL,Bond,17768,4
697,IL,Boone,54165,7
698,IL,Brown,6937,2
699,IL,Bureau,34978,10
700,IL,Calhoun,5089,2
701,IL,Carroll,15387,6
702,IL,Cass,13642,5
703,IL,Champaign,201081,43
704,IL,Christian,34800,10
705,IL,Clark,16335,4
706,IL,Clay,13815,4
707,IL,Clinton,37762,8
708,IL,Coles,53873,12
709,IL,Cook,5194675,1318
710,IL,Crawford,19817,6
711,IL,Cumberland,11048,3
712,IL,De Witt,16561,5
713,IL,DeKalb,105160,21
714,IL,Douglas,19980,5
715,IL,DuPage,916924,216
716,IL,Edgar,18576,5
717,IL,Edwards,6721,3
718,IL,Effingham,34242,8
719,IL,Fayette,22140,7
720,IL,Ford,14081,5
721,IL,Franklin,39561,12
722,IL,Fulton,37069,12
723,IL,Gallatin,5589,2
724,IL,Greene,13886,5
725,IL,Grundy,50063,10
726,IL,Hamilton,8457,3
727,IL,Hancock,19104,7
728,IL,Hardin,4320,2
729,IL,Henderson,7331,3
730,IL,Henry,50486,13
731,IL,Iroquois,29718,9
732,IL,Jackson,60218,14
733,IL,Jasper,9698,3
734,IL,Jefferson,38827,11
735,IL,Jersey,22985,6
736,IL,Jo Daviess,22678,6
737,IL,Johnson,12582,4
738,IL,Kane,515269,82
739,IL,Kankakee,113449,29
740,IL,Kendall,114736,10
741,IL,Knox,52919,16
742,IL,La Salle,113924,28
743,IL,Lake,703462,153
744,IL,Lawrence,16833,5
745,IL,Lee,36031,9
746,IL,Livingston,38950,10
747,IL,Logan,30305,8
748,IL,Macon,110768,34
749,IL,Macoupin,47765,13
750,IL,Madison,269282,61
751,IL,Marion,39437,12
752,IL,Marshall,12640,5
753,IL,Mason,14666,6
754,IL,Massac,15429,4
755,IL,McDonough,32612,10
756,IL,McHenry,308760,52
757,IL,McLean,169572,41
758,IL,Menard,12705,3
759,IL,Mercer,16434,4
760,IL,Monroe,32957,6
761,IL,Montgomery,30104,8
762,IL,Morgan,35547,10
763,IL,Moultrie,14846,4
764,IL,Ogle,53497,11
765,IL,Peoria,186494,48
766,IL,Perry,22350,6
767,IL,Piatt,16729,4
768,IL,Pike,16430,5
769,IL,Pope,4470,2
770,IL,Pulaski,6161,2
771,IL,Putnam,6006,2
772,IL,Randolph,33476,9
773,IL,Richland,16233,5
774,IL,Rock Island,147546,40
775,IL,Saline,24913,9
776,IL,Sangamon,197465,53
777,IL,Schuyler,7544,3
778,IL,Scott,5355,2
779,IL,Shelby,22363,6
780,IL,St. Clair,270056,60
781,IL,Stark,5994,2
782,IL,Stephenson,47711,13
783,IL,Tazewell,135394,30
784,IL,Union,17808,5
785,IL,Vermilion,81625,24
786,IL,Wabash,11947,4
787,IL,Warren,17707,5
788,IL,Washington,14716,4
789,IL,Wayne,16760,5
790,IL,White,14665,5
791,IL,Whiteside,58498,18
792,IL,Will,677560,152
793,IL,Williamson,66357,15
794,IL,Winnebago,295266,77
795,IL,Woodford,38664,9
796,IN,Adams,34387,7
797,IN,Allen,355329,96
798,IN,Bartholomew,76794,15
799,IN,Benton,8854,3
800,IN,Blackford,12766,4
801,IN,Boone,56640,10
802,IN,Brown,15242,4
803,IN,Carroll,20155,7
804,IN,Cass,38966,11
805,IN,Clark,110232,26
806,IN,Clay,26890,6
807,IN,Clinton,33224,8
808,IN,Crawford,10713,3
809,IN,Daviess,31648,7
810,IN,DeKalb,42223,9
811,IN,Dearborn,50047,10
812,IN,Decatur,25740,6
813,IN,Delaware,117671,30
814,IN,Dubois,41889,7
815,IN,Elkhart,197559,36
816,IN,Fayette,24277,7
817,IN,Floyd,74578,20
818,IN,Fountain,17240,5
819,IN,Franklin,23087,5
820,IN,Fulton,20836,6
821,IN,Gibson,33503,7
822,IN,Grant,70061,16
823,IN,Greene,33165,9
824,IN,Hamilton,274569,39
825,IN,Hancock,70002,10
826,IN,Harrison,39364,6
827,IN,Hendricks,145448,21
828,IN,Henry,49462,13
829,IN,Howard,82752,20
830,IN,Huntington,37124,9
831,IN,Jackson,42376,10
832,IN,Jasper,33478,8
833,IN,Jay,21253,7
834,IN,Jefferson,32428,7
835,IN,Jennings,28525,6
836,IN,Johnson,139654,22
837,IN,Knox,38440,10
838,IN,Kosciusko,77358,19
839,IN,LaGrange,37128,8
840,IN,LaPorte,111467,28
841,IN,Lake,496005,117
842,IN,Lawrence,46134,10
843,IN,Madison,131636,37
844,IN,Marion,903393,224
845,IN,Marshall,47051,12
846,IN,Martin,10334,3
847,IN,Miami,36903,10
848,IN,Monroe,137974,31
849,IN,Montgomery,38124,9
850,IN,Morgan,68894,13
851,IN,Newton,14244,4
852,IN,Noble,47536,10
853,IN,Ohio,6128,2
854,IN,Orange,19840,6
855,IN,Owen,21575,5
856,IN,Parke,17339,4
857,IN,Perry,19338,5
858,IN,Pike,12845,4
859,IN,Porter,164343,32
860,IN,Posey,25910,7
861,IN,Pulaski,13402,4
862,IN,Putnam,37963,7
863,IN,Randolph,26171,8
864,IN,Ripley,28818,6
865,IN,Rush,17392,5
866,IN,Scott,24181,5
867,IN,Shelby,44436,10
868,IN,Spencer,20952,5
869,IN,St. Joseph,266931,75
870,IN,Starke,23363,7
871,IN,Steuben,34185,9
872,IN,Sullivan,21475,5
873,IN,Switzerland,10613,3
874,IN,Tippecanoe,172780,37
875,IN,Tipton,15936,4
876,IN,Union,7516,2
877,IN,Vanderburgh,179703,49
878,IN,Vermillion,16212,5
879,IN,Vigo,107848,28
880,IN,Wabash,32888,8
881,IN,Warren,8508,2
882,IN,Warrick,59689,11
883,IN,Washington,28262,6
884,IN,Wayne,68917,17
885,IN,Wells,27636,7
886,IN,White,24643,8
887,IN,Whitley,33292,7
888,KS,Allen,13371,5
889,KS,Anderson,8102,2
890,KS,Atchison,16924,4
891,KS,Barber,4861,2
892,KS,Barton,27674,8
893,KS,Bourbon,15173,5
894,KS,Brown,9984,3
895,KS,Butler,65880,13
896,KS,Chase,2790,1
897,KS,Chautauqua,3669,1
898,KS,Cherokee,21603,6
899,KS,Cheyenne,2726,1
900,KS,Clark,2215,1
901,KS,Clay,8535,2
902,KS,Cloud,9533,4
903,KS,Coffey,8601,3
904,KS,Comanche,1891,1
905,KS,Cowley,36311,11
906,KS,Crawford,39134,11
907,KS,Decatur,2961,2
908,KS,Dickinson,19754,6
909,KS,Doniphan,7945,3
910,KS,Douglas,110826,22
911,KS,Edwards,3037,2
912,KS,Elk,2882,1
913,KS,Ellis,28452,6
914,KS,Ellsworth,6497,2
915,KS,Finney,36776,12
916,KS,Ford,33848,7
917,KS,Franklin,25992,5
918,KS,Geary,34362,8
919,KS,Gove,2695,2
920,KS,Graham,2597,2
921,KS,Grant,7829,2
922,KS,Gray,6006,2
923,KS,Greeley,1247,1
924,KS,Greenwood,6689,3
925,KS,Hamilton,2690,1
926,KS,Harper,6034,3
927,KS,Harvey,34684,6
928,KS,Haskell,4256,1
929,KS,Hodgeman,1916,1
930,KS,Jackson,13462,3
931,KS,Jefferson,19126,4
932,KS,Jewell,3077,2
933,KS,Johnson,544179,130
934,KS,Kearny,3977,1
935,KS,Kingman,7858,3
936,KS,Kiowa,2553,1
937,KS,Labette,21607,8
938,KS,Lane,1750,1
939,KS,Leavenworth,76227,16
940,KS,Lincoln,3241,1
941,KS,Linn,9656,2
942,KS,Logan,2756,1
943,KS,Lyon,33690,8
944,KS,Marion,12660,4
945,KS,Marshall,10117,4
946,KS,McPherson,29180,7
947,KS,Meade,4575,2
948,KS,Miami,32787,8
949,KS,Mitchell,6373,2
950,KS,Montgomery,35471,13
951,KS,Morris,5923,2
952,KS,Morton,3233,1
953,KS,Nemaha,10178,3
954,KS,Neosho,16512,5
955,KS,Ness,3107,2
956,KS,Norton,5671,1
957,KS,Osage,16295,5
958,KS,Osborne,3858,1
959,KS,Ottawa,6091,2
960,KS,Pawnee,6973,2
961,KS,Phillips,5642,3
962,KS,Pottawatomie,21604,4
963,KS,Pratt,9656,3
964,KS,Rawlins,2519,1
965,KS,Reno,64511,17
966,KS,Republic,4980,3
967,KS,Rice,10083,3
968,KS,Riley,71115,14
969,KS,Rooks,5181,2
970,KS,Rush,3307,2
971,KS,Russell,6970,2
972,KS,Saline,55606,12
973,KS,Scott,4936,1
974,KS,Sedgwick,498365,124
975,KS,Seward,22952,5
976,KS,Shawnee,177934,43
977,KS,Sheridan,2556,2
978,KS,Sherman,6010,2
979,KS,Smith,3853,2
980,KS,Stafford,4437,2
981,KS,Stanton,2235,1
982,KS,Stevens,5724,2
983,KS,Sumner,24132,6
984,KS,Thomas,7900,2
985,KS,Trego,3001,1
986,KS,Wabaunsee,7053,2
987,KS,Wallace,1485,1
988,KS,Washington,5799,2
989,KS,Wichita,2234,1
990,KS,Wilson,9409,4
991,KS,Woodson,3309,2
992,KS,Wyandotte,157505,70
993,KY,Adair,18656,7
994,KY,Allen,19956,6
995,KY,Anderson,21421,5
996,KY,Ballard,8249,3
997,KY,Barren,42173,10
998,KY,Bath,11591,3
999,KY,Bell,28691,9
1000,KY,Boone,118811,22
1001,KY,Bourbon,19985,6
1002,KY,Boyd,49542,13
1003,KY,Boyle,28432,7
1004,KY,Bracken,8488,3
1005,KY,Breathitt,13878,7
1006,KY,Breckinridge,20059,6
1007,KY,Bullitt,74319,18
1008,KY,Butler,12690,5
1009,KY,Caldwell,12984,3
1010,KY,Calloway,37191,9
1011,KY,Campbell,90336,25
1012,KY,Carlisle,5104,3
1013,KY,Carroll,10811,3
1014,KY,Carter,27720,7
1015,KY,Casey,15955,5
1016,KY,Christian,73955,19
1017,KY,Clark,35613,10
1018,KY,Clay,21730,6
1019,KY,Clinton,10272,3
1020,KY,Crittenden,9315,4
1021,KY,Cumberland,6856,2
1022,KY,Daviess,96656,23
1023,KY,Edmonson,12161,4
1024,KY,Elliott,7852,2
1025,KY,Estill,14672,4
1026,KY,Fayette,295803,82
1027,KY,Fleming,14348,4
1028,KY,Floyd,39451,10
1029,KY,Franklin,49285,11
1030,KY,Fulton,6813,2
1031,KY,Gallatin,8589,2
1032,KY,Garrard,16912,4
1033,KY,Grant,24662,4
1034,KY,Graves,37121,9
1035,KY,Grayson,25746,7
1036,KY,Green,11258,4
1037,KY,Greenup,36910,9
1038,KY,Hancock,8565,3
1039,KY,Hardin,105543,22
1040,KY,Harlan,29278,11
1041,KY,Harrison,18846,5
1042,KY,Hart,18199,5
1043,KY,Henderson,46250,11
1044,KY,Henry,15416,5
1045,KY,Hickman,4902,1
1046,KY,Hopkins,46920,12
1047,KY,Jackson,13494,3
1048,KY,Jefferson,741096,191
1049,KY,Jessamine,48586,9
1050,KY,Johnson,23356,6
1051,KY,Kenton,159720,41
1052,KY,Knott,16346,5
1053,KY,Knox,31883,8
1054,KY,Larue,14193,4
1055,KY,Laurel,58849,13
1056,KY,Lawrence,15860,5
1057,KY,Lee,7887,3
1058,KY,Leslie,11310,3
1059,KY,Letcher,24519,7
1060,KY,Lewis,13870,4
1061,KY,Lincoln,24742,6
1062,KY,Livingston,9519,2
1063,KY,Logan,26835,6
1064,KY,Lyon,8314,3
1065,KY,Madison,82916,19
1066,KY,Magoffin,13333,4
1067,KY,Marion,19820,6
1068,KY,Marshall,31448,6
1069,KY,Martin,12929,3
1070,KY,Mason,17490,5
1071,KY,McCracken,65565,17
1072,KY,McCreary,18306,4
1073,KY,McLean,9531,3
1074,KY,Meade,28602,8
1075,KY,Menifee,6306,2
1076,KY,Mercer,21331,5
1077,KY,Metcalfe,10099,3
1078,KY,Monroe,10963,4
1079,KY,Montgomery,26499,6
1080,KY,Morgan,13923,5
1081,KY,Muhlenberg,31499,9
1082,KY,Nelson,43437,9
1083,KY,Nicholas,7135,2
1084,KY,Ohio,23842,7
1085,KY,Oldham,60316,14
1086,KY,Owen,10841,3
1087,KY,Owsley,4755,2
1088,KY,Pendleton,14877,3
1089,KY,Perry,28712,8
1090,KY,Pike,65024,19
1091,KY,Powell,12613,2
1092,KY,Pulaski,63063,14
1093,KY,Robertson,2282,1
1094,KY,Rockcastle,17056,4
1095,KY,Rowan,23333,4
1096,KY,Russell,17565,5
1097,KY,Scott,47173,14
1098,KY,Shelby,42074,9
1099,KY,Simpson,17327,4
1100,KY,Spencer,17061,4
1101,KY,Taylor,24512,5
1102,KY,Todd,12460,4
1103,KY,Trigg,14339,5
1104,KY,Trimble,8809,2
1105,KY,Union,15007,4
1106,KY,Warren,113792,24
1107,KY,Washington,11717,3
1108,KY,Wayne,20813,5
1109,KY,Webster,13621,4
1110,KY,Whitley,35637,8
1111,KY,Wolfe,7355,2
1112,KY,Woodford,24939,8
1113,LA,Acadia,61773,12
1114,LA,Allen,25764,5
1115,LA,Ascension,107215,14
1116,LA,Assumption,23421,6
1117,LA,Avoyelles,42073,9
1118,LA,Beauregard,35654,7
1119,LA,Bienville,14353,5
1120,LA,Bossier,116979,22
1121,LA,Caddo,254969,64
1122,LA,Calcasieu,192768,44
1123,LA,Caldwell,10132,3
1124,LA,Cameron,6839,3
1125,LA,Catahoula,10407,3
1126,LA,Claiborne,17195,5
1127,LA,Concordia,20822,5
1128,LA,De Soto,26656,7
1129,LA,East Baton Rouge,440171,92
1130,LA,East Carroll,7759,3
1131,LA,East Feliciana,20267,5
1132,LA,Evangeline,33984,8
1133,LA,Franklin,20767,6
1134,LA,Grant,22309,5
1135,LA,Iberia,73240,15
1136,LA,Iberville,33387,7
1137,LA,Jackson,16274,5
1138,LA,Jefferson,432552,127
1139,LA,Jefferson Davis,31594,7
1140,LA,La Salle,14890,3
1141,LA,Lafayette,221578,43
1142,LA,Lafourche,96318,23
1143,LA,Lincoln,46735,10
1144,LA,Livingston,128026,17
1145,LA,Madison,12093,5
1146,LA,Morehouse,27979,8
1147,LA,Natchitoches,39566,9
1148,LA,Orleans,343829,177
1149,LA,Ouachita,153720,40
1150,LA,Plaquemines,23042,9
1151,LA,Pointe Coupee,22802,6
1152,LA,Rapides,131613,33
1153,LA,Red River,9091,2
1154,LA,Richland,20725,6
1155,LA,Sabine,24233,7
1156,LA,St. Bernard,35897,18
1157,LA,St. Charles,52780,13
1158,LA,St. Helena,11203,2
1159,LA,St. James,22102,7
1160,LA,St. John the Baptist,45924,11
1161,LA,St. Landry,83384,19
1162,LA,St. Martin,52160,11
1163,LA,St. Mary,54650,16
1164,LA,St. Tammany,233740,43
1165,LA,Tangipahoa,121097,20
1166,LA,Tensas,5252,3
1167,LA,Terrebonne,111860,21
1168,LA,Union,22721,6
1169,LA,Vermilion,57999,12
1170,LA,Vernon,52334,12
1171,LA,Washington,47168,11
1172,LA,Webster,41207,11
1173,LA,West Baton Rouge,23788,5
1174,LA,West Carroll,11604,3
1175,LA,West Feliciana,15625,3
1176,LA,Winn,15313,4
1177,MA,Barnstable,215888,57
1178,MA,Berkshire,131219,39
1179,MA,Bristol,548285,126
1180,MA,Dukes,16535,4
1181,MA,Essex,743159,163
1182,MA,Franklin,71372,18
1183,MA,Hampden,463490,103
1184,MA,Hampshire,158080,36
1185,MA,Middlesex,1503085,318
1186,MA,Nantucket,10172,6
1187,MA,Norfolk,670850,130
1188,MA,Plymouth,494919,100
1189,MA,Suffolk,722023,204
1190,MA,Worcester,798552,172
1191,MD,Allegany,75087,23
1192,MD,Anne Arundel,537656,104
1193,MD,Baltimore,805029,214
1194,MD,Baltimore City,620961,200
1195,MD,Calvert,88737,18
1196,MD,Caroline,33066,9
1197,MD,Carroll,167134,38
1198,MD,Cecil,101108,19
1199,MD,Charles,146551,30
1200,MD,Dorchester,32618,10
1201,MD,Frederick,233385,61
1202,MD,Garrett,30097,7
1203,MD,Harford,244826,57
1204,MD,Howard,287085,55
1205,MD,Kent,20197,5
1206,MD,Montgomery,971777,215
1207,MD,Prince George's,863420,218
1208,MD,Queen Anne's,47798,12
1209,MD,Somerset,26470,8
1210,MD,St. Mary's,105151,18
1211,MD,Talbot,37782,10
1212,MD,Washington,147430,32
1213,MD,Wicomico,98733,19
1214,MD,Worcester,51454,17
1215,ME,Androscoggin,107702,28
1216,ME,Aroostook,71870,24
1217,ME,Cumberland,281674,67
1218,ME,Franklin,30768,9
1219,ME,Hancock,54418,17
1220,ME,Kennebec,122151,31
1221,ME,Knox,39736,11
1222,ME,Lincoln,34457,9
1223,ME,Oxford,57833,17
1224,ME,Penobscot,153923,46
1225,ME,Piscataquis,17535,8
1226,ME,Sagadahoc,35293,8
1227,ME,Somerset,52228,17
1228,ME,Waldo,38786,8
1229,ME,Washington,32856,14
1230,ME,York,197131,41
1231,MI,Alcona,10942,5
1232,MI,Alger,9601,3
1233,MI,Allegan,111408,25
1234,MI,Alpena,29598,10
1235,MI,Antrim,23580,7
1236,MI,Arenac,15899,5
1237,MI,Baraga,8860,2
1238,MI,Barry,59173,11
1239,MI,Bay,107771,26
1240,MI,Benzie,17525,5
1241,MI,Berrien,156813,48
1242,MI,Branch,45248,12
1243,MI,Calhoun,136146,39
1244,MI,Cass,52293,11
1245,MI,Charlevoix,25949,13
1246,MI,Cheboygan,26152,8
1247,MI,Chippewa,38520,14
1248,MI,Clare,30926,11
1249,MI,Clinton,75382,22
1250,MI,Crawford,14074,5
1251,MI,Delta,37069,11
1252,MI,Dickinson,26168,7
1253,MI,Eaton,107759,28
1254,MI,Emmet,32694,8
1255,MI,Genesee,425790,131
1256,MI,Gladwin,25692,9
1257,MI,Gogebic,16427,7
1258,MI,Grand Traverse,86986,16
1259,MI,Gratiot,42476,10
1260,MI,Hillsdale,46688,12
1261,MI,Houghton,36628,11
1262,MI,Huron,33118,12
1263,MI,Ingham,280895,81
1264,MI,Ionia,63905,13
1265,MI,Iosco,25887,9
1266,MI,Iron,11817,5
1267,MI,Isabella,70311,15
1268,MI,Jackson,160248,38
1269,MI,Kalamazoo,250331,57
1270,MI,Kalkaska,17153,5
1271,MI,Kent,602622,128
1272,MI,Keweenaw,2156,2
1273,MI,Lake,11539,4
1274,MI,Lapeer,88319,24
1275,MI,Leelanau,21708,6
1276,MI,Lenawee,99892,23
1277,MI,Livingston,180967,61
1278,MI,Luce,6631,3
1279,MI,Mackinac,11113,6
1280,MI,Macomb,840978,216
1281,MI,Manistee,24733,9
1282,MI,Marquette,67077,24
1283,MI,Mason,28705,8
1284,MI,Mecosta,42798,11
1285,MI,Menominee,24029,7
1286,MI,Midland,83629,19
1287,MI,Missaukee,14849,4
1288,MI,Monroe,152021,39
1289,MI,Montcalm,63342,13
1290,MI,Montmorency,9765,5
1291,MI,Muskegon,172188,42
1292,MI,Newaygo,48460,11
1293,MI,Oakland,1202362,338
1294,MI,Oceana,26570,7
1295,MI,Ogemaw,21699,7
1296,MI,Ontonagon,6780,4
1297,MI,Osceola,23528,6
1298,MI,Oscoda,8640,5
1299,MI,Otsego,24164,6
1300,MI,Ottawa,263801,53
1301,MI,Presque Isle,13376,6
1302,MI,Roscommon,24449,10
1303,MI,Saginaw,200169,56
1304,MI,Sanilac,43114,12
1305,MI,Schoolcraft,8485,3
1306,MI,Shiawassee,70648,17
1307,MI,St. Clair,163040,49
1308,MI,St. Joseph,61295,17
1309,MI,Tuscola,55729,13
1310,MI,Van Buren,76258,15
1311,MI,Washtenaw,344791,100
1312,MI,Wayne,1820584,610
1313,MI,Wexford,32735,8
1314,MN,Aitkin,16202,6
1315,MN,Anoka,330844,83
1316,MN,Becker,32504,10
1317,MN,Beltrami,44442,10
1318,MN,Benton,38451,9
1319,MN,Big Stone,5269,3
1320,MN,Blue Earth,64013,16
1321,MN,Brown,25893,8
1322,MN,Carlton,35386,7
1323,MN,Carver,91042,19
1324,MN,Cass,28567,10
1325,MN,Chippewa,12441,4
1326,MN,Chisago,53887,10
1327,MN,Clay,58999,13
1328,MN,Clearwater,8695,3
1329,MN,Cook,5176,3
1330,MN,Cottonwood,11687,4
1331,MN,Crow Wing,62500,16
1332,MN,Dakota,398552,95
1333,MN,Dodge,20087,5
1334,MN,Douglas,36009,9
1335,MN,Faribault,14553,6
1336,MN,Fillmore,20866,6
1337,MN,Freeborn,31255,10
1338,MN,Goodhue,46183,10
1339,MN,Grant,6018,2
1340,MN,Hennepin,1152425,299
1341,MN,Houston,19027,5
1342,MN,Hubbard,20428,7
1343,MN,Isanti,37816,8
1344,MN,Itasca,45058,11
1345,MN,Jackson,10266,4
1346,MN,Kanabec,16239,4
1347,MN,Kandiyohi,42239,12
1348,MN,Kittson,4552,2
1349,MN,Koochiching,13311,4
1350,MN,Lac qui Parle,7259,3
1351,MN,Lake,10866,3
1352,MN,Lake of the Woods,4045,2
1353,MN,Le Sueur,27703,6
1354,MN,Lincoln,5896,2
1355,MN,Lyon,25857,7
1356,MN,Mahnomen,5413,2
1357,MN,Marshall,9439,4
1358,MN,Martin,20840,6
1359,MN,McLeod,36651,7
1360,MN,Meeker,23300,6
1361,MN,Mille Lacs,26097,7
1362,MN,Morrison,33198,8
1363,MN,Mower,39163,11
1364,MN,Murray,8725,3
1365,MN,Nicollet,32727,7
1366,MN,Nobles,21378,6
1367,MN,Norman,6852,3
1368,MN,Olmsted,144248,33
1369,MN,Otter Tail,57303,17
1370,MN,Pennington,13930,5
1371,MN,Pine,29750,8
1372,MN,Pipestone,9596,5
1373,MN,Polk,31600,10
1374,MN,Pope,10995,4
1375,MN,Ramsey,508640,137
1376,MN,Red Lake,4089,2
1377,MN,Redwood,16059,6
1378,MN,Renville,15730,6
1379,MN,Rice,64142,13
1380,MN,Rock,9687,3
1381,MN,Roseau,15629,5
1382,MN,Scott,129928,21
1383,MN,Sherburne,88499,11
1384,MN,Sibley,15226,4
1385,MN,St. Louis,200226,66
1386,MN,Stearns,150642,29
1387,MN,Steele,36576,8
1388,MN,Stevens,9726,3
1389,MN,Swift,9783,4
1390,MN,Todd,24895,8
1391,MN,Traverse,3558,2
1392,MN,Wabasha,21676,6
1393,MN,Wadena,13843,3
1394,MN,Waseca,19136,5
1395,MN,Washington,238136,50
1396,MN,Watonwan,11211,3
1397,MN,Wilkin,6576,2
1398,MN,Winona,51461,10
1399,MN,Wright,124700,17
1400,MN,Yellow Medicine,10438,4
1401,MO,Adair,25607,7
1402,MO,Andrew,17291,4
1403,MO,Atchison,5685,2
1404,MO,Audrain,25529,7
1405,MO,Barry,35597,7
1406,MO,Barton,12402,3
1407,MO,Bates,17049,4
1408,MO,Benton,19056,6
1409,MO,Bollinger,12363,3
1410,MO,Boone,162642,29
1411,MO,Buchanan,89201,25
1412,MO,Butler,42794,10
1413,MO,Caldwell,9424,2
1414,MO,Callaway,44332,8
1415,MO,Camden,44002,11
1416,MO,Cape Girardeau,75674,16
1417,MO,Carroll,9295,3
1418,MO,Carter,6265,2
1419,MO,Cass,99478,20
1420,MO,Cedar,13982,3
1421,MO,Chariton,7831,3
1422,MO,Christian,77422,14
1423,MO,Clark,7139,3
1424,MO,Clay,221939,44
1425,MO,Clinton,20743,4
1426,MO,Cole,75990,15
1427,MO,Cooper,17601,5
1428,MO,Crawford,24696,6
1429,MO,Dade,7883,2
1430,MO,Dallas,16777,3
1431,MO,Daviess,8433,2
1432,MO,DeKalb,12892,2
1433,MO,Dent,15657,4
1434,MO,Douglas,13684,3
1435,MO,Dunklin,31953,10
1436,MO,Franklin,101492,17
1437,MO,Gasconade,15222,5
1438,MO,Gentry,6738,2
1439,MO,Greene,275174,62
1440,MO,Grundy,10261,4
1441,MO,Harrison,8957,3
1442,MO,Henry,22272,6
1443,MO,Hickory,9627,3
1444,MO,Holt,4912,3
1445,MO,Howard,10144,3
1446,MO,Howell,40400,8
1447,MO,Iron,10630,4
1448,MO,Jackson,674158,199
1449,MO,Jasper,117404,22
1450,MO,Jefferson,218733,42
1451,MO,Johnson,52595,9
1452,MO,Knox,4131,2
1453,MO,Laclede,35571,6
1454,MO,Lafayette,33381,7
1455,MO,Lawrence,38634,7
1456,MO,Lewis,10211,4
1457,MO,Lincoln,52566,7
1458,MO,Linn,12761,5
1459,MO,Livingston,15195,5
1460,MO,Macon,15566,5
1461,MO,Madison,12226,3
1462,MO,Maries,9176,3
1463,MO,Marion,28781,8
1464,MO,McDonald,23083,4
1465,MO,Mercer,3785,2
1466,MO,Miller,24748,5
1467,MO,Mississippi,14358,4
1468,MO,Moniteau,15607,4
1469,MO,Monroe,8840,3
1470,MO,Montgomery,12236,4
1471,MO,Morgan,20565,5
1472,MO,New Madrid,18956,6
1473,MO,Newton,58114,12
1474,MO,Nodaway,23370,5
1475,MO,Oregon,10881,3
1476,MO,Osage,13878,4
1477,MO,Ozark,9723,2
1478,MO,Pemiscot,18296,6
1479,MO,Perry,18971,5
1480,MO,Pettis,42201,11
1481,MO,Phelps,45156,10
1482,MO,Pike,18516,5
1483,MO,Platte,89322,20
1484,MO,Polk,31137,4
1485,MO,Pulaski,52274,9
1486,MO,Putnam,4979,2
1487,MO,Ralls,10167,3
1488,MO,Randolph,25414,6
1489,MO,Ray,23494,4
1490,MO,Reynolds,6696,2
1491,MO,Ripley,14100,4
1492,MO,Saline,23370,8
1493,MO,Schuyler,4431,2
1494,MO,Scotland,4843,2
1495,MO,Scott,39191,10
1496,MO,Shannon,8441,2
1497,MO,Shelby,6373,3
1498,MO,St. Charles,360485,79
1499,MO,St. Clair,9805,3
1500,MO,St. Francois,65359,11
1501,MO,St. Louis,998954,199
1502,MO,St. Louis City,319294,106
1503,MO,Ste. Genevieve,18145,4
1504,MO,Stoddard,29968,8
1505,MO,Stone,32202,6
1506,MO,Sullivan,6714,3
1507,MO,Taney,51675,10
1508,MO,Texas,26008,4
1509,MO,Vernon,21159,6
1510,MO,Warren,32513,5
1511,MO,Washington,25195,5
1512,MO,Wayne,13521,4
1513,MO,Webster,36202,8
1514,MO,Worth,2171,1
1515,MO,Wright,18815,4
1516,MS,Adams,32297,9
1517,MS,Alcorn,37057,7
1518,MS,Amite,13131,3
1519,MS,Attala,19564,6
1520,MS,Benton,8729,2
1521,MS,Bolivar,34145,8
1522,MS,Calhoun,14962,5
1523,MS,Carroll,10597,2
1524,MS,Chickasaw,17392,4
1525,MS,Choctaw,8547,3
1526,MS,Claiborne,9604,3
1527,MS,Clarke,16732,4
1528,MS,Clay,20634,5
1529,MS,Coahoma,26151,7
1530,MS,Copiah,29449,6
1531,MS,Covington,19568,4
1532,MS,DeSoto,161252,33
1533,MS,Forrest,74934,17
1534,MS,Franklin,8118,2
1535,MS,George,22578,5
1536,MS,Greene,14400,2
1537,MS,Grenada,21906,5
1538,MS,Hancock,43929,7
1539,MS,Harrison,187105,46
1540,MS,Hinds,245285,64
1541,MS,Holmes,19198,5
1542,MS,Humphreys,9375,3
1543,MS,Issaquena,1406,1
1544,MS,Itawamba,23401,5
1545,MS,Jackson,139668,28
1546,MS,Jasper,17062,4
1547,MS,Jefferson,7726,2
1548,MS,Jefferson Davis,12487,3
1549,MS,Jones,67761,14
1550,MS,Kemper,10456,2
1551,MS,Lafayette,47351,10
1552,MS,Lamar,55658,8
1553,MS,Lauderdale,80261,19
1554,MS,Lawrence,12929,3
1555,MS,Leake,23805,5
1556,MS,Lee,82910,19
1557,MS,Leflore,32317,8
1558,MS,Lincoln,34869,6
1559,MS,Lowndes,59779,14
1560,MS,Madison,95203,21
1561,MS,Marion,27088,6
1562,MS,Marshall,37144,6
1563,MS,Monroe,36989,9
1564,MS,Montgomery,10925,3
1565,MS,Neshoba,29676,7
1566,MS,Newton,21720,5
1567,MS,Noxubee,11545,3
1568,MS,Oktibbeha,47671,8
1569,MS,Panola,34707,6
1570,MS,Pearl River,55834,9
1571,MS,Perry,12250,3
1572,MS,Pike,40404,8
1573,MS,Pontotoc,29957,6
1574,MS,Prentiss,25276,5
1575,MS,Quitman,8223,3
1576,MS,Rankin,141617,27
1577,MS,Scott,28264,6
1578,MS,Sharkey,4916,2
1579,MS,Simpson,27503,5
1580,MS,Smith,16491,3
1581,MS,Stone,17786,3
1582,MS,Sunflower,29450,7
1583,MS,Tallahatchie,15378,4
1584,MS,Tate,28886,5
1585,MS,Tippah,22232,4
1586,MS,Tishomingo,19593,4
1587,MS,Tunica,10778,3
1588,MS,Union,27134,6
1589,MS,Walthall,15443,3
1590,MS,Warren,48773,12
1591,MS,Washington,51137,19
1592,MS,Wayne,20747,4
1593,MS,Webster,10253,3
1594,MS,Wilkinson,9878,2
1595,MS,Winston,19198,5
1596,MS,Yalobusha,12678,3
1597,MS,Yazoo,28065,6
1598,MT,Beaverhead,9246,3
1599,MT,Big Horn,12865,5
1600,MT,Blaine,6491,4
1601,MT,Broadwater,5612,2
1602,MT,Carbon,10078,5
1603,MT,Carter,1160,1
1604,MT,Cascade,81327,22
1605,MT,Chouteau,5813,2
1606,MT,Custer,11699,6
1607,MT,Daniels,1751,1
1608,MT,Dawson,8966,3
1609,MT,Deer Lodge,9298,3
1610,MT,Fallon,2890,1
1611,MT,Fergus,11586,2
1612,MT,Flathead,90928,19
1613,MT,Gallatin,89513,22
1614,MT,Garfield,1206,1
1615,MT,Glacier,13399,4
1616,MT,Golden Valley,884,1
1617,MT,Granite,3079,1
1618,MT,Hill,16096,6
1619,MT,Jefferson,11406,3
1620,MT,Judith Basin,2072,1
1621,MT,Lake,28746,8
1622,MT,Lewis and Clark,63395,14
1623,MT,Liberty,2339,1
1624,MT,Lincoln,19687,5
1625,MT,Madison,7691,3
1626,MT,McCone,1734,1
1627,MT,Meagher,1891,1
1628,MT,Mineral,4223,2
1629,MT,Missoula,109299,20
1630,MT,Musselshell,4538,2
1631,MT,Park,15636,6
1632,MT,Petroleum,494,1
1633,MT,Phillips,4253,1
1634,MT,Pondera,6153,2
1635,MT,Powder River,1743,1
1636,MT,Powell,7027,2
1637,MT,Prairie,1179,1
1638,MT,Ravalli,40212,10
1639,MT,Richland,9746,4
1640,MT,Roosevelt,10425,3
1641,MT,Rosebud,9233,4
1642,MT,Sanders,11413,3
1643,MT,Sheridan,3384,2
1644,MT,Silver Bow,34200,8
1645,MT,Stillwater,9117,3
1646,MT,Sweet Grass,3651,1
1647,MT,Teton,6073,3
1648,MT,Toole,5324,3
1649,MT,Treasure,718,1
1650,MT,Valley,7369,3
1651,MT,Wheatland,2168,1
1652,MT,Wibaux,1017,1
1653,MT,Yellowstone,147972,32
1654,NC,Alamance,151131,36
1655,NC,Alexander,37198,7
1656,NC,Alleghany,11155,3
1657,NC,Anson,26948,6
1658,NC,Ashe,27281,6
1659,NC,Avery,17797,5
1660,NC,Beaufort,47759,11
1661,NC,Bertie,21282,4
1662,NC,Bladen,35190,6
1663,NC,Brunswick,107431,33
1664,NC,Buncombe,238318,56
1665,NC,Burke,90912,18
1666,NC,Cabarrus,178011,37
1667,NC,Caldwell,83029,17
1668,NC,Camden,9980,2
1669,NC,Carteret,66469,38
1670,NC,Caswell,23719,6
1671,NC,Catawba,154358,31
1672,NC,Chatham,63505,13
1673,NC,Cherokee,27444,7
1674,NC,Chowan,14793,3
1675,NC,Clay,10587,2
1676,NC,Cleveland,98078,22
1677,NC,Columbus,58098,13
1678,NC,Craven,103505,21
1679,NC,Cumberland,319431,68
1680,NC,Currituck,23547,8
1681,NC,Dare,33920,11
1682,NC,Davidson,162878,34
1683,NC,Davie,41240,7
1684,NC,Duplin,58505,11
1685,NC,Durham,267587,60
1686,NC,Edgecombe,56552,14
1687,NC,Forsyth,350670,93
1688,NC,Franklin,60619,12
1689,NC,Gaston,206086,65
1690,NC,Gates,12197,3
1691,NC,Graham,8861,3
1692,NC,Granville,59916,13
1693,NC,Greene,21362,4
1694,NC,Guilford,488406,119
1695,NC,Halifax,54691,12
1696,NC,Harnett,114678,27
1697,NC,Haywood,59036,16
1698,NC,Henderson,106740,27
1699,NC,Hertford,24669,5
1700,NC,Hoke,46952,9
1701,NC,Hyde,5810,2
1702,NC,Iredell,159437,44
1703,NC,Jackson,40271,9
1704,NC,Johnston,168878,25
1705,NC,Jones,10153,3
1706,NC,Lee,57866,13
1707,NC,Lenoir,59495,15
1708,NC,Lincoln,78265,18
1709,NC,Macon,33922,9
1710,NC,Madison,20764,6
1711,NC,Martin,24505,6
1712,NC,McDowell,44996,10
1713,NC,Mecklenburg,919628,233
1714,NC,Mitchell,15579,4
1715,NC,Montgomery,27798,6
1716,NC,Moore,88247,18
1717,NC,Nash,95840,18
1718,NC,New Hanover,202667,45
1719,NC,Northampton,22099,5
1720,NC,Onslow,177772,32
1721,NC,Orange,133801,28
1722,NC,Pamlico,13144,4
1723,NC,Pasquotank,40661,10
1724,NC,Pender,52217,16
1725,NC,Perquimans,13453,3
1726,NC,Person,39464,7
1727,NC,Pitt,168148,32
1728,NC,Polk,20510,7
1729,NC,Randolph,141752,28
1730,NC,Richmond,46639,11
1731,NC,Robeson,134168,31
1732,NC,Rockingham,93643,21
1733,NC,Rowan,138428,30
1734,NC,Rutherford,67810,13
1735,NC,Sampson,63431,11
1736,NC,Scotland,36157,7
1737,NC,Stanly,60585,13
1738,NC,Stokes,47401,9
1739,NC,Surry,73673,22
1740,NC,Swain,13981,5
1741,NC,Transylvania,33090,7
1742,NC,Tyrrell,4407,1
1743,NC,Union,201292,41
1744,NC,Vance,45422,10
1745,NC,Wake,900993,187
1746,NC,Warren,20972,6
1747,NC,Washington,13228,3
1748,NC,Watauga,51079,13
1749,NC,Wayne,122623,26
1750,NC,Wilkes,69340,14
1751,NC,Wilson,81234,19
1752,NC,Yadkin,38406,7
1753,NC,Yancey,17818,5
1754,ND,Adams,2343,1
1755,ND,Barnes,11066,4
1756,ND,Benson,6660,4
1757,ND,Billings,783,1
1758,ND,Bottineau,6429,3
1759,ND,Bowman,3151,2
1760,ND,Burke,1968,1
1761,ND,Burleigh,81308,19
1762,ND,Cass,149778,33
1763,ND,Cavalier,3993,2
1764,ND,Dickey,5289,3
1765,ND,Divide,2071,1
1766,ND,Dunn,3536,1
1767,ND,Eddy,2385,1
1768,ND,Emmons,3550,1
1769,ND,Foster,3343,1
1770,ND,Golden Valley,1680,1
1771,ND,Grand Forks,66861,18
1772,ND,Grant,2394,1
1773,ND,Griggs,2420,1
1774,ND,Hettinger,2477,2
1775,ND,Kidder,2435,1
1776,ND,LaMoure,4139,2
1777,ND,Logan,1990,1
1778,ND,McHenry,5395,2
1779,ND,McIntosh,2809,1
1780,ND,McKenzie,6360,4
1781,ND,McLean,8962,2
1782,ND,Mercer,8424,3
1783,ND,Morton,27471,5
1784,ND,Mountrail,7673,3
1785,ND,Nelson,3126,1
1786,ND,Oliver,1846,1
1787,ND,Pembina,7413,5
1788,ND,Pierce,4357,2
1789,ND,Ramsey,11451,3
1790,ND,Ransom,5457,3
1791,ND,Renville,2470,1
1792,ND,Richland,16321,6
1793,ND,Rolette,13937,4
1794,ND,Sargent,3829,2
1795,ND,Sheridan,1321,1
1796,ND,Sioux,4153,2
1797,ND,Slope,727,1
1798,ND,Stark,24199,8
1799,ND,Steele,1975,1
1800,ND,Stutsman,21100,6
1801,ND,Towner,2246,1
1802,ND,Traill,8121,4
1803,ND,Walsh,11119,6
1804,ND,Ward,61675,13
1805,ND,Wells,4207,2
1806,ND,Williams,22398,7
1807,NE,Adams,31364,9
1808,NE,Antelope,6685,3
1809,NE,Arthur,460,1
1810,NE,Banner,690,1
1811,NE,Blaine,478,1
1812,NE,Boone,5505,2
1813,NE,Box Butte,11308,3
1814,NE,Boyd,2099,1
1815,NE,Brown,3145,1
1816,NE,Buffalo,46102,11
1817,NE,Burt,6858,3
1818,NE,Butler,8395,3
1819,NE,Cass,25241,6
1820,NE,Cedar,8852,2
1821,NE,Chase,3966,1
1822,NE,Cherry,5713,2
1823,NE,Cheyenne,9998,3
1824,NE,Clay,6542,2
1825,NE,Colfax,10515,3
1826,NE,Cuming,9139,3
1827,NE,Custer,10939,4
1828,NE,Dakota,21006,4
1829,NE,Dawes,9182,2
1830,NE,Dawson,24326,7
1831,NE,Deuel,1941,1
1832,NE,Dixon,6000,2
1833,NE,Dodge,36691,9
1834,NE,Douglas,517110,156
1835,NE,Dundy,2008,1
1836,NE,Fillmore,5890,2
1837,NE,Franklin,3225,2
1838,NE,Frontier,2756,1
1839,NE,Furnas,4959,1
1840,NE,Gage,22311,7
1841,NE,Garden,2057,1
1842,NE,Garfield,2049,1
1843,NE,Gosper,2044,1
1844,NE,Grant,614,1
1845,NE,Greeley,2538,1
1846,NE,Hall,58607,14
1847,NE,Hamilton,9124,3
1848,NE,Harlan,3423,1
1849,NE,Hayes,967,1
1850,NE,Hitchcock,2908,1
1851,NE,Holt,10435,4
1852,NE,Hooker,736,1
1853,NE,Howard,6274,2
1854,NE,Jefferson,7547,3
1855,NE,Johnson,5217,2
1856,NE,Kearney,6489,2
1857,NE,Keith,8368,3
1858,NE,Keya Paha,824,1
1859,NE,Kimball,3821,1
1860,NE,Knox,8701,3
1861,NE,Lancaster,285407,74
1862,NE,Lincoln,36288,8
1863,NE,Logan,763,1
1864,NE,Loup,632,1
1865,NE,Madison,34876,9
1866,NE,McPherson,539,1
1867,NE,Merrick,7845,3
1868,NE,Morrill,5042,1
1869,NE,Nance,3735,1
1870,NE,Nemaha,7248,2
1871,NE,Nuckolls,4500,2
1872,NE,Otoe,15740,5
1873,NE,Pawnee,2773,1
1874,NE,Perkins,2970,1
1875,NE,Phelps,9188,3
1876,NE,Pierce,7266,2
1877,NE,Platte,32237,7
1878,NE,Polk,5406,2
1879,NE,Red Willow,11055,3
1880,NE,Richardson,8363,3
1881,NE,Rock,1526,1
1882,NE,Saline,14200,4
1883,NE,Sarpy,158840,43
1884,NE,Saunders,20780,5
1885,NE,Scotts Bluff,36970,11
1886,NE,Seward,16750,4
1887,NE,Sheridan,5469,2
1888,NE,Sherman,3152,1
1889,NE,Sioux,1311,1
1890,NE,Stanton,6129,2
1891,NE,Thayer,5228,2
1892,NE,Thomas,647,1
1893,NE,Thurston,6940,2
1894,NE,Valley,4260,2
1895,NE,Washington,20234,5
1896,NE,Wayne,9595,2
1897,NE,Webster,3812,2
1898,NE,Wheeler,818,1
1899,NE,York,13665,4
1900,NH,Belknap,60088,15
1901,NH,Carroll,47818,11
1902,NH,Cheshire,77117,16
1903,NH,Coos,33055,11
1904,NH,Grafton,89118,19
1905,NH,Hillsborough,400721,86
1906,NH,Merrimack,146445,36
1907,NH,Rockingham,295223,66
1908,NH,Strafford,123143,25
1909,NH,Sullivan,43742,10
1910,NJ,Atlantic,274549,69
1911,NJ,Bergen,905116,179
1912,NJ,Burlington,448734,114
1913,NJ,Camden,513657,127
1914,NJ,Cape May,97265,32
1915,NJ,Cumberland,156898,35
1916,NJ,Essex,783969,210
1917,NJ,Gloucester,288288,63
1918,NJ,Hudson,634266,166
1919,NJ,Hunterdon,128349,26
1920,NJ,Mercer,366513,77
1921,NJ,Middlesex,809858,175
1922,NJ,Monmouth,630380,144
1923,NJ,Morris,492276,100
1924,NJ,Ocean,576567,126
1925,NJ,Passaic,501226,100
1926,NJ,Salem,66083,24
1927,NJ,Somerset,323444,68
1928,NJ,Sussex,149265,41
1929,NJ,Union,536499,108
1930,NJ,Warren,108692,23
1931,NM,Bernalillo,662564,153
1932,NM,Catron,3725,1
1933,NM,Chaves,65645,16
1934,NM,Cibola,27213,7
1935,NM,Colfax,13750,3
1936,NM,Curry,48376,12
1937,NM,De Baca,2022,1
1938,NM,Dona Ana,209233,41
1939,NM,Eddy,53829,12
1940,NM,Grant,29514,8
1941,NM,Guadalupe,4687,1
1942,NM,Harding,695,1
1943,NM,Hidalgo,4894,2
1944,NM,Lea,64727,18
1945,NM,Lincoln,20497,5
1946,NM,Los Alamos,17950,4
1947,NM,Luna,25095,6
1948,NM,McKinley,71492,17
1949,NM,Mora,4881,1
1950,NM,Otero,63797,16
1951,NM,Quay,9041,3
1952,NM,Rio Arriba,40246,9
1953,NM,Roosevelt,19846,5
1954,NM,San Juan,130044,33
1955,NM,San Miguel,29393,7
1956,NM,Sandoval,131561,28
1957,NM,Santa Fe,144170,50
1958,NM,Sierra,11988,4
1959,NM,Socorro,17866,6
1960,NM,Taos,32937,6
1961,NM,Torrance,16383,4
1962,NM,Union,4549,1
1963,NM,Valencia,76569,18
1964,NV,Carson City,55274,14
1965,NV,Churchill,24877,7
1966,NV,Clark,1951269,487
1967,NV,Douglas,46997,17
1968,NV,Elko,48818,14
1969,NV,Esmeralda,783,1
1970,NV,Eureka,1987,1
1971,NV,Humboldt,16528,4
1972,NV,Lander,5775,1
1973,NV,Lincoln,5345,2
1974,NV,Lyon,51980,10
1975,NV,Mineral,4772,2
1976,NV,Nye,43946,10
1977,NV,Pershing,6753,1
1978,NV,Storey,4010,1
1979,NV,Washoe,421407,112
1980,NV,White Pine,10030,3
1981,NY,Albany,304204,75
1982,NY,Allegany,48946,13
1983,NY,Bronx,1385108,339
1984,NY,Broome,200600,55
1985,NY,Cattaraugus,80317,21
1986,NY,Cayuga,80026,20
1987,NY,Chautauqua,134905,35
1988,NY,Chemung,88830,22
1989,NY,Chenango,50477,12
1990,NY,Clinton,82128,19
1991,NY,Columbia,63096,21
1992,NY,Cortland,49336,12
1993,NY,Delaware,47980,14
1994,NY,Dutchess,297488,79
1995,NY,Erie,919040,237
1996,NY,Essex,39370,13
1997,NY,Franklin,51599,14
1998,NY,Fulton,55531,15
1999,NY,Genesee,60079,15
2000,NY,Greene,49221,15
2001,NY,Hamilton,4836,4
2002,NY,Herkimer,64519,19
2003,NY,Jefferson,116229,26
2004,NY,Kings,2504700,760
2005,NY,Lewis,27087,7
2006,NY,Livingston,65393,15
2007,NY,Madison,73442,16
2008,NY,Monroe,744344,192
2009,NY,Montgomery,50219,16
2010,NY,Nassau,1339532,280
2011,NY,New York,1585873,288
2012,NY,Niagara,216469,61
2013,NY,Oneida,234878,74
2014,NY,Onondaga,467026,140
2015,NY,Ontario,107931,25
2016,NY,Orange,372813,79
2017,NY,Orleans,42883,11
2018,NY,Oswego,122109,29
2019,NY,Otsego,62259,17
2020,NY,Putnam,99710,19
2021,NY,Queens,2230722,669
2022,NY,Rensselaer,159429,42
2023,NY,Richmond,468730,109
2024,NY,Rockland,311687,65
2025,NY,Saratoga,219607,50
2026,NY,Schenectady,154727,43
2027,NY,Schoharie,32749,8
2028,NY,Schuyler,18343,5
2029,NY,Seneca,35251,10
2030,NY,St. Lawrence,111944,28
2031,NY,Steuben,98990,30
2032,NY,Suffolk,1493350,322
2033,NY,Sullivan,77547,24
2034,NY,Tioga,51125,10
2035,NY,Tompkins,101564,23
2036,NY,Ulster,182493,47
2037,NY,Warren,65707,19
2038,NY,Washington,63216,17
2039,NY,Wayne,93772,23
2040,NY,Westchester,949113,223
2041,NY,Wyoming,42155,11
2042,NY,Yates,25348,5
2043,OH,Adams,28550,6
2044,OH,Allen,106331,33
2045,OH,Ashland,53139,11
2046,OH,Ashtabula,101497,25
2047,OH,Athens,64757,15
2048,OH,Auglaize,45949,11
2049,OH,Belmont,70400,20
2050,OH,Brown,44846,9
2051,OH,Butler,368130,80
2052,OH,Carroll,28836,7
2053,OH,Champaign,40097,10
2054,OH,Clark,138333,44
2055,OH,Clermont,197363,40
2056,OH,Clinton,42040,9
2057,OH,Columbiana,107841,24
2058,OH,Coshocton,36901,10
2059,OH,Crawford,43784,13
2060,OH,Cuyahoga,1280122,447
2061,OH,Darke,52959,12
2062,OH,Defiance,39037,9
2063,OH,Delaware,174214,35
2064,OH,Erie,77079,19
2065,OH,Fairfield,146156,28
2066,OH,Fayette,29030,7
2067,OH,Franklin,1163414,284
2068,OH,Fulton,42698,9
2069,OH,Gallia,30934,7
2070,OH,Geauga,93389,21
2071,OH,Greene,161573,35
2072,OH,Guernsey,40087,10
2073,OH,Hamilton,802374,222
2074,OH,Hancock,74782,13
2075,OH,Hardin,32058,7
2076,OH,Harrison,15864,5
2077,OH,Henry,28215,7
2078,OH,Highland,43589,9
2079,OH,Hocking,29380,7
2080,OH,Holmes,42366,8
2081,OH,Huron,59626,13
2082,OH,Jackson,33225,7
2083,OH,Jefferson,69709,23
2084,OH,Knox,60921,12
2085,OH,Lake,230041,59
2086,OH,Lawrence,62450,16
2087,OH,Licking,166492,32
2088,OH,Logan,45858,11
2089,OH,Lorain,301356,73
2090,OH,Lucas,441815,127
2091,OH,Madison,43435,12
2092,OH,Mahoning,238823,70
2093,OH,Marion,66501,18
2094,OH,Medina,172332,37
2095,OH,Meigs,23770,6
2096,OH,Mercer,40814,9
2097,OH,Miami,102506,21
2098,OH,Monroe,14642,4
2099,OH,Montgomery,535153,153
2100,OH,Morgan,15054,4
2101,OH,Morrow,34827,6
2102,OH,Muskingum,86074,19
2103,OH,Noble,14645,3
2104,OH,Ottawa,41428,13
2105,OH,Paulding,19614,5
2106,OH,Perry,36058,6
2107,OH,Pickaway,55698,13
2108,OH,Pike,28709,6
2109,OH,Portage,161419,35
2110,OH,Preble,42270,12
2111,OH,Putnam,34499,7
2112,OH,Richland,124475,30
2113,OH,Ross,78064,17
2114,OH,Sandusky,60944,15
2115,OH,Scioto,79499,20
2116,OH,Seneca,56745,14
2117,OH,Shelby,49423,10
2118,OH,Stark,375586,86
2119,OH,Summit,541781,135
2120,OH,Trumbull,210312,55
2121,OH,Tuscarawas,92582,21
2122,OH,Union,52300,10
2123,OH,Van Wert,28744,9
2124,OH,Vinton,13435,3
2125,OH,Warren,212693,33
2126,OH,Washington,61778,16
2127,OH,Wayne,114520,32
2128,OH,Williams,37642,9
2129,OH,Wood,125488,28
2130,OH,Wyandot,22615,6
2131,OK,Adair,22683,5
2132,OK,Alfalfa,5642,3
2133,OK,Atoka,14182,4
2134,OK,Beaver,5636,3
2135,OK,Beckham,22119,4
2136,OK,Blaine,11943,5
2137,OK,Bryan,42416,11
2138,OK,Caddo,29600,8
2139,OK,Canadian,115541,29
2140,OK,Carter,47557,11
2141,OK,Cherokee,46987,9
2142,OK,Choctaw,15205,5
2143,OK,Cimarron,2475,2
2144,OK,Cleveland,255755,62
2145,OK,Coal,5925,2
2146,OK,Comanche,124098,32
2147,OK,Cotton,6193,2
2148,OK,Craig,15029,5
2149,OK,Creek,69967,21
2150,OK,Custer,27469,5
2151,OK,Delaware,41487,9
2152,OK,Dewey,4810,3
2153,OK,Ellis,4151,2
2154,OK,Garfield,60580,12
2155,OK,Garvin,27576,9
2156,OK,Grady,52431,10
2157,OK,Grant,4527,2
2158,OK,Greer,6239,2
2159,OK,Harmon,2922,1
2160,OK,Harper,3685,2
2161,OK,Haskell,12769,4
2162,OK,Hughes,14003,5
2163,OK,Jackson,26446,8
2164,OK,Jefferson,6472,3
2165,OK,Johnston,10957,3
2166,OK,Kay,46562,11
2167,OK,Kingfisher,15034,4
2168,OK,Kiowa,9446,3
2169,OK,Latimer,11154,3
2170,OK,Le Flore,50384,12
2171,OK,Lincoln,34273,7
2172,OK,Logan,41848,8
2173,OK,Love,9423,3
2174,OK,Major,7527,3
2175,OK,Marshall,15840,4
2176,OK,Mayes,41259,9
2177,OK,McClain,34506,6
2178,OK,McCurtain,33151,8
2179,OK,McIntosh,20252,6
2180,OK,Murray,13488,3
2181,OK,Muskogee,70990,16
2182,OK,Noble,11561,4
2183,OK,Nowata,10536,4
2184,OK,Okfuskee,12191,4
2185,OK,Oklahoma,718633,241
2186,OK,Okmulgee,40069,10
2187,OK,Osage,47472,11
2188,OK,Ottawa,31848,9
2189,OK,Pawnee,16577,5
2190,OK,Payne,77350,17
2191,OK,Pittsburg,45837,13
2192,OK,Pontotoc,37492,10
2193,OK,Pottawatomie,69442,16
2194,OK,Pushmataha,11572,3
2195,OK,Roger Mills,3647,1
2196,OK,Rogers,86905,28
2197,OK,Seminole,25482,9
2198,OK,Sequoyah,42391,9
2199,OK,Stephens,45048,11
2200,OK,Texas,20640,5
2201,OK,Tillman,7992,5
2202,OK,Tulsa,603403,175
2203,OK,Wagoner,73085,22
2204,OK,Washington,50976,13
2205,OK,Washita,11629,4
2206,OK,Woods,8878,3
2207,OK,Woodward,20081,5
2208,OR,Baker,16134,6
2209,OR,Benton,85579,18
2210,OR,Clackamas,375992,80
2211,OR,Clatsop,37039,12
2212,OR,Columbia,49351,10
2213,OR,Coos,63043,13
2214,OR,Crook,20978,4
2215,OR,Curry,22364,6
2216,OR,Deschutes,157733,24
2217,OR,Douglas,107667,22
2218,OR,Gilliam,1871,1
2219,OR,Grant,7445,2
2220,OR,Harney,7422,2
2221,OR,Hood River,22346,4
2222,OR,Jackson,203206,41
2223,OR,Jefferson,21720,6
2224,OR,Josephine,82713,16
2225,OR,Klamath,66380,20
2226,OR,Lake,7895,2
2227,OR,Lane,351715,86
2228,OR,Lincoln,46034,18
2229,OR,Linn,116672,21
2230,OR,Malheur,31313,8
2231,OR,Marion,315335,58
2232,OR,Morrow,11173,2
2233,OR,Multnomah,735334,171
2234,OR,Polk,75403,12
2235,OR,Sherman,1765,1
2236,OR,Tillamook,25250,8
2237,OR,Umatilla,75889,15
2238,OR,Union,25748,8
2239,OR,Wallowa,7008,3
2240,OR,Wasco,25213,8
2241,OR,Washington,529710,104
2242,OR,Wheeler,1441,1
2243,OR,Yamhill,99193,17
2244,PA,Adams,101407,23
2245,PA,Allegheny,1223348,402
2246,PA,Armstrong,68941,19
2247,PA,Beaver,170539,51
2248,PA,Bedford,49762,11
2249,PA,Berks,411442,90
2250,PA,Blair,127089,34
2251,PA,Bradford,62622,14
2252,PA,Bucks,625249,143
2253,PA,Butler,183862,44
2254,PA,Cambria,143679,42
2255,PA,Cameron,5085,2
2256,PA,Carbon,65249,12
2257,PA,Centre,153990,31
2258,PA,Chester,498886,116
2259,PA,Clarion,39988,10
2260,PA,Clearfield,81642,20
2261,PA,Clinton,39238,9
2262,PA,Columbia,67295,15
2263,PA,Crawford,88765,23
2264,PA,Cumberland,235406,49
2265,PA,Dauphin,268100,65
2266,PA,Delaware,558979,144
2267,PA,Elk,31946,9
2268,PA,Erie,280566,72
2269,PA,Fayette,136606,36
2270,PA,Forest,7716,3
2271,PA,Franklin,149618,27
2272,PA,Fulton,14845,3
2273,PA,Greene,38686,9
2274,PA,Huntingdon,45913,12
2275,PA,Indiana,88880,23
2276,PA,Jefferson,45200,13
2277,PA,Juniata,24636,5
2278,PA,Lackawanna,214437,59
2279,PA,Lancaster,519445,98
2280,PA,Lawrence,91108,28
2281,PA,Lebanon,133568,31
2282,PA,Lehigh,349497,76
2283,PA,Luzerne,320918,104
2284,PA,Lycoming,116111,29
2285,PA,McKean,43450,12
2286,PA,Mercer,116638,30
2287,PA,Mifflin,46682,12
2288,PA,Monroe,169842,33
2289,PA,Montgomery,799874,211
2290,PA,Montour,18267,4
2291,PA,Northampton,297735,68
2292,PA,Northumberland,94528,24
2293,PA,Perry,45969,10
2294,PA,Philadelphia,1526006,384
2295,PA,Pike,57369,18
2296,PA,Potter,17457,5
2297,PA,Schuylkill,148289,40
2298,PA,Snyder,39702,8
2299,PA,Somerset,77742,21
2300,PA,Sullivan,6428,2
2301,PA,Susquehanna,43356,11
2302,PA,Tioga,41981,10
2303,PA,Union,44947,10
2304,PA,Venango,54984,16
2305,PA,Warren,41815,13
2306,PA,Washington,207820,59
2307,PA,Wayne,52822,14
2308,PA,Westmoreland,365169,100
2309,PA,Wyoming,28276,7
2310,PA,York,434972,90
2311,RI,Bristol,49875,11
2312,RI,Kent,166158,39
2313,RI,Newport,82888,22
2314,RI,Providence,626667,141
2315,RI,Washington,126979,29
2316,SC,Abbeville,25417,6
2317,SC,Aiken,160099,33
2318,SC,Allendale,10419,3
2319,SC,Anderson,187126,39
2320,SC,Bamberg,15987,4
2321,SC,Barnwell,22621,6
2322,SC,Beaufort,162233,41
2323,SC,Berkeley,177843,45
2324,SC,Calhoun,15175,3
2325,SC,Charleston,350209,86
2326,SC,Cherokee,55342,13
2327,SC,Chester,33140,11
2328,SC,Chesterfield,46734,10
2329,SC,Clarendon,34971,12
2330,SC,Colleton,38892,10
2331,SC,Darlington,68681,16
2332,SC,Dillon,32062,6
2333,SC,Dorchester,136555,25
2334,SC,Edgefield,26985,6
2335,SC,Fairfield,23956,5
2336,SC,Florence,136885,33
2337,SC,Georgetown,60158,15
2338,SC,Greenville,451225,111
2339,SC,Greenwood,69661,14
2340,SC,Hampton,21090,5
2341,SC,Horry,269291,72
2342,SC,Jasper,24777,5
2343,SC,Kershaw,61697,15
2344,SC,Lancaster,76652,14
2345,SC,Laurens,66537,17
2346,SC,Lee,19220,7
2347,SC,Lexington,262391,74
2348,SC,Marion,33062,8
2349,SC,Marlboro,28933,7
2350,SC,McCormick,10233,3
2351,SC,Newberry,37508,8
2352,SC,Oconee,74273,15
2353,SC,Orangeburg,92501,20
2354,SC,Pickens,119224,28
2355,SC,Richland,384504,89
2356,SC,Saluda,19875,5
2357,SC,Spartanburg,284307,69
2358,SC,Sumter,107456,23
2359,SC,Union,28961,9
2360,SC,Williamsburg,34423,11
2361,SC,York,226073,46
2362,SD,Aurora,2710,1
2363,SD,Beadle,17398,6
2364,SD,Bennett,3431,2
2365,SD,Bon Homme,7070,2
2366,SD,Brookings,31965,6
2367,SD,Brown,36531,8
2368,SD,Brule,5255,2
2369,SD,Buffalo,1912,1
2370,SD,Butte,10110,2
2371,SD,Campbell,1466,1
2372,SD,Charles Mix,9129,3
2373,SD,Clark,3691,1
2374,SD,Clay,13864,3
2375,SD,Codington,27227,7
2376,SD,Corson,4050,2
2377,SD,Custer,8216,2
2378,SD,Davison,19504,4
2379,SD,Day,5710,3
2380,SD,Deuel,4364,2
2381,SD,Dewey,5301,2
2382,SD,Douglas,3002,1
2383,SD,Edmunds,4071,2
2384,SD,Fall River,7094,2
2385,SD,Faulk,2364,1
2386,SD,Grant,7356,2
2387,SD,Gregory,4271,2
2388,SD,Haakon,1937,1
2389,SD,Hamlin,5903,2
2390,SD,Hand,3431,2
2391,SD,Hanson,3331,1
2392,SD,Harding,1255,1
2393,SD,Hughes,17022,4
2394,SD,Hutchinson,7343,3
2395,SD,Hyde,1420,1
2396,SD,Jackson,3031,2
2397,SD,Jerauld,2071,1
2398,SD,Jones,1006,1
2399,SD,Kingsbury,5148,2
2400,SD,Lake,11200,3
2401,SD,Lawrence,24097,5
2402,SD,Lincoln,44828,11
2403,SD,Lyman,3755,2
2404,SD,Marshall,4656,1
2405,SD,McCook,5618,2
2406,SD,McPherson,2459,1
2407,SD,Meade,25434,5
2408,SD,Mellette,2048,1
2409,SD,Miner,2389,1
2410,SD,Minnehaha,169468,42
2411,SD,Moody,6486,2
2412,SD,Pennington,100948,23
2413,SD,Perkins,2982,1
2414,SD,Potter,2329,1
2415,SD,Roberts,10149,4
2416,SD,Sanborn,2355,1
2417,SD,Shannon,13586,3
2418,SD,Spink,6415,3
2419,SD,Stanley,2966,1
2420,SD,Sully,1373,1
2421,SD,Todd,9612,2
2422,SD,Tripp,5644,2
2423,SD,Turner,8347,2
2424,SD,Union,14399,3
2425,SD,Walworth,5438,2
2426,SD,Yankton,22438,5
2427,SD,Ziebach,2801,1
2428,TN,Anderson,75129,18
2429,TN,Bedford,45058,9
2430,TN,Benton,16489,5
2431,TN,Bledsoe,12876,3
2432,TN,Blount,123010,28
2433,TN,Bradley,98963,19
2434,TN,Campbell,40716,11
2435,TN,Cannon,13801,3
2436,TN,Carroll,28522,8
2437,TN,Carter,57424,17
2438,TN,Cheatham,39105,9
2439,TN,Chester,17131,3
2440,TN,Claiborne,32213,9
2441,TN,Clay,7861,2
2442,TN,Cocke,35662,9
2443,TN,Coffee,52796,12
2444,TN,Crockett,14586,5
2445,TN,Cumberland,56053,14
2446,TN,Davidson,626681,161
2447,TN,DeKalb,18723,4
2448,TN,Decatur,11757,4
2449,TN,Dickson,49666,10
2450,TN,Dyer,38335,8
2451,TN,Fayette,38413,11
2452,TN,Fentress,17959,4
2453,TN,Franklin,41052,9
2454,TN,Gibson,49683,14
2455,TN,Giles,29485,8
2456,TN,Grainger,22657,5
2457,TN,Greene,68831,15
2458,TN,Grundy,13703,4
2459,TN,Hamblen,62544,12
2460,TN,Hamilton,336463,82
2461,TN,Hancock,6819,2
2462,TN,Hardeman,27253,6
2463,TN,Hardin,26026,6
2464,TN,Hawkins,56833,13
2465,TN,Haywood,18787,6
2466,TN,Henderson,27769,6
2467,TN,Henry,32330,9
2468,TN,Hickman,24690,6
2469,TN,Houston,8426,3
2470,TN,Humphreys,18538,5
2471,TN,Jackson,11638,4
2472,TN,Jefferson,51407,9
2473,TN,Johnson,18244,5
2474,TN,Knox,432226,112
2475,TN,Lake,7832,2
2476,TN,Lauderdale,27815,9
2477,TN,Lawrence,41869,11
2478,TN,Lewis,12161,2
2479,TN,Lincoln,33361,9
2480,TN,Loudon,48556,10
2481,TN,Macon,22248,4
2482,TN,Madison,98294,27
2483,TN,Marion,28237,6
2484,TN,Marshall,30617,6
2485,TN,Maury,80956,17
2486,TN,McMinn,52266,10
2487,TN,McNairy,26075,7
2488,TN,Meigs,11753,3
2489,TN,Monroe,44519,7
2490,TN,Montgomery,172331,39
2491,TN,Moore,6362,2
2492,TN,Morgan,21987,5
2493,TN,Obion,31807,10
2494,TN,Overton,22083,7
2495,TN,Perry,7915,2
2496,TN,Pickett,5077,1
2497,TN,Polk,16825,5
2498,TN,Putnam,72321,15
2499,TN,Rhea,31809,6
2500,TN,Roane,54181,11
2501,TN,Robertson,66283,14
2502,TN,Rutherford,262604,49
2503,TN,Scott,22228,5
2504,TN,Sequatchie,14112,3
2505,TN,Sevier,89889,18
2506,TN,Shelby,927644,221
2507,TN,Smith,19166,5
2508,TN,Stewart,13324,5
2509,TN,Sullivan,156823,39
2510,TN,Sumner,160645,42
2511,TN,Tipton,61081,13
2512,TN,Trousdale,7870,2
2513,TN,Unicoi,18313,4
2514,TN,Union,19109,4
2515,TN,Van Buren,5548,2
2516,TN,Warren,39839,9
2517,TN,Washington,122979,23
2518,TN,Wayne,17021,4
2519,TN,Weakley,35021,11
2520,TN,White,25841,6
2521,TN,Williamson,183182,37
2522,TN,Wilson,113993,21
2523,TX,Anderson,58458,11
2524,TX,Andrews,14786,4
2525,TX,Angelina,86771,17
2526,TX,Aransas,23158,5
2527,TX,Archer,9054,3
2528,TX,Armstrong,1901,1
2529,TX,Atascosa,44911,8
2530,TX,Austin,28417,6
2531,TX,Bailey,7165,1
2532,TX,Bandera,20485,5
2533,TX,Bastrop,74171,10
2534,TX,Baylor,3726,1
2535,TX,Bee,31861,7
2536,TX,Bell,310235,65
2537,TX,Bexar,1714773,366
2538,TX,Blanco,10497,2
2539,TX,Borden,641,1
2540,TX,Bosque,18212,7
2541,TX,Bowie,92565,18
2542,TX,Brazoria,313166,51
2543,TX,Brazos,194851,42
2544,TX,Brewster,9232,3
2545,TX,Briscoe,1637,1
2546,TX,Brooks,7223,2
2547,TX,Brown,38106,12
2548,TX,Burleson,17187,5
2549,TX,Burnet,42750,8
2550,TX,Caldwell,38066,8
2551,TX,Calhoun,21381,6
2552,TX,Callahan,13544,3
2553,TX,Cameron,406220,86
2554,TX,Camp,12401,3
2555,TX,Carson,6182,2
2556,TX,Cass,30464,7
2557,TX,Castro,8062,3
2558,TX,Chambers,35096,6
2559,TX,Cherokee,50845,12
2560,TX,Childress,7041,2
2561,TX,Clay,10752,3
2562,TX,Cochran,3127,1
2563,TX,Coke,3320,2
2564,TX,Coleman,8895,3
2565,TX,Collin,782341,152
2566,TX,Collingsworth,3057,1
2567,TX,Colorado,20874,5
2568,TX,Comal,108472,24
2569,TX,Comanche,13974,4
2570,TX,Concho,4087,1
2571,TX,Cooke,38437,8
2572,TX,Coryell,75388,19
2573,TX,Cottle,1505,1
2574,TX,Crane,4375,1
2575,TX,Crockett,3719,1
2576,TX,Crosby,6059,3
2577,TX,Culberson,2398,1
2578,TX,Dallam,6703,2
2579,TX,Dallas,2368139,529
2580,TX,Dawson,13833,4
2581,TX,DeWitt,20097,5
2582,TX,Deaf Smith,19372,4
2583,TX,Delta,5231,2
2584,TX,Denton,662614,137
2585,TX,Dickens,2444,1
2586,TX,Dimmit,9996,2
2587,TX,Donley,3677,2
2588,TX,Duval,11782,3
2589,TX,Eastland,18583,5
2590,TX,Ector,137130,28
2591,TX,Edwards,2002,1
2592,TX,El Paso,800647,161
2593,TX,Ellis,149610,31
2594,TX,Erath,37890,8
2595,TX,Falls,17866,6
2596,TX,Fannin,33915,9
2597,TX,Fayette,24554,7
2598,TX,Fisher,3974,2
2599,TX,Floyd,6446,2
2600,TX,Foard,1336,1
2601,TX,Fort Bend,585375,76
2602,TX,Franklin,10605,3
2603,TX,Freestone,19816,7
2604,TX,Frio,17217,3
2605,TX,Gaines,17526,3
2606,TX,Galveston,291309,67
2607,TX,Garza,6461,1
2608,TX,Gillespie,24837,5
2609,TX,Glasscock,1226,1
2610,TX,Goliad,7210,2
2611,TX,Gonzales,19807,6
2612,TX,Gray,22535,7
2613,TX,Grayson,120877,26
2614,TX,Gregg,121730,25
2615,TX,Grimes,26604,6
2616,TX,Guadalupe,131533,29
2617,TX,Hale,36273,9
2618,TX,Hall,3353,1
2619,TX,Hamilton,8517,3
2620,TX,Hansford,5613,2
2621,TX,Hardeman,4139,1
2622,TX,Hardin,54635,11
2623,TX,Harris,4092459,786
2624,TX,Harrison,65631,14
2625,TX,Hartley,6062,1
2626,TX,Haskell,5899,2
2627,TX,Hays,157107,25
2628,TX,Hemphill,3807,1
2629,TX,Henderson,78532,17
2630,TX,Hidalgo,774769,113
2631,TX,Hill,35089,11
2632,TX,Hockley,22935,7
2633,TX,Hood,51182,10
2634,TX,Hopkins,35161,9
2635,TX,Houston,23732,7
2636,TX,Howard,35012,10
2637,TX,Hudspeth,3476,1
2638,TX,Hunt,86129,19
2639,TX,Hutchinson,22150,7
2640,TX,Irion,1599,1
2641,TX,Jack,9044,3
2642,TX,Jackson,14075,3
2643,TX,Jasper,35710,8
2644,TX,Jeff Davis,2342,1
2645,TX,Jefferson,252273,72
2646,TX,Jim Hogg,5300,2
2647,TX,Jim Wells,40838,7
2648,TX,Johnson,150934,28
2649,TX,Jones,20202,6
2650,TX,Karnes,14824,4
2651,TX,Kaufman,103350,18
2652,TX,Kendall,33410,6
2653,TX,Kenedy,416,1
2654,TX,Kent,808,1
2655,TX,Kerr,49625,10
2656,TX,Kimble,4607,2
2657,TX,King,286,1
2658,TX,Kinney,3598,1
2659,TX,Kleberg,32061,6
2660,TX,Knox,3719,2
2661,TX,La Salle,6886,1
2662,TX,Lamar,49793,12
2663,TX,Lamb,13977,5
2664,TX,Lampasas,19677,5
2665,TX,Lavaca,19263,6
2666,TX,Lee,16612,4
2667,TX,Leon,16801,3
2668,TX,Liberty,75643,14
2669,TX,Limestone,23384,8
2670,TX,Lipscomb,3302,2
2671,TX,Live Oak,11531,4
2672,TX,Llano,19301,6
2673,TX,Loving,82,1
2674,TX,Lubbock,278831,68
2675,TX,Lynn,5915,3
2676,TX,Madison,13664,4
2677,TX,Marion,10546,4
2678,TX,Martin,4799,2
2679,TX,Mason,4012,2
2680,TX,Matagorda,36702,10
2681,TX,Maverick,54258,9
2682,TX,McCulloch,8283,3
2683,TX,McLennan,234906,51
2684,TX,McMullen,707,1
2685,TX,Medina,46006,8
2686,TX,Menard,2242,1
2687,TX,Midland,136872,27
2688,TX,Milam,24757,7
2689,TX,Mills,4936,2
2690,TX,Mitchell,9403,2
2691,TX,Montague,19719,6
2692,TX,Montgomery,455746,59
2693,TX,Moore,21904,4
2694,TX,Morris,12934,3
2695,TX,Motley,1210,1
2696,TX,Nacogdoches,64524,13
2697,TX,Navarro,47735,10
2698,TX,Newton,14445,4
2699,TX,Nolan,15216,5
2700,TX,Nueces,340223,81
2701,TX,Ochiltree,10223,3
2702,TX,Oldham,2052,1
2703,TX,Orange,81837,21
2704,TX,Palo Pinto,28111,9
2705,TX,Panola,23796,6
2706,TX,Parker,116927,19
2707,TX,Parmer,10269,2
2708,TX,Pecos,15507,4
2709,TX,Polk,45413,10
2710,TX,Potter,121073,34
2711,TX,Presidio,7818,2
2712,TX,Rains,10914,2
2713,TX,Randall,120725,29
2714,TX,Reagan,3367,1
2715,TX,Real,3309,1
2716,TX,Red River,12860,4
2717,TX,Reeves,13783,5
2718,TX,Refugio,7383,2
2719,TX,Roberts,929,1
2720,TX,Robertson,16622,5
2721,TX,Rockwall,78337,11
2722,TX,Runnels,10501,4
2723,TX,Rusk,53330,13
2724,TX,Sabine,10834,3
2725,TX,San Augustine,8865,3
2726,TX,San Jacinto,26384,4
2727,TX,San Patricio,64804,16
2728,TX,San Saba,6131,2
2729,TX,Schleicher,3461,1
2730,TX,Scurry,16921,4
2731,TX,Shackelford,3378,1
2732,TX,Shelby,25448,6
2733,TX,Sherman,3034,1
2734,TX,Smith,209714,41
2735,TX,Somervell,8490,2
2736,TX,Starr,60968,15
2737,TX,Stephens,9630,3
2738,TX,Sterling,1143,1
2739,TX,Stonewall,1490,1
2740,TX,Sutton,4128,1
2741,TX,Swisher,7854,3
2742,TX,Tarrant,1809034,357
2743,TX,Taylor,131506,38
2744,TX,Terrell,984,1
2745,TX,Terry,12651,3
2746,TX,Throckmorton,1641,1
2747,TX,Titus,32334,8
2748,TX,Tom Green,110224,25
2749,TX,Travis,1024266,218
2750,TX,Trinity,14585,5
2751,TX,Tyler,21766,5
2752,TX,Upshur,39309,7
2753,TX,Upton,3355,2
2754,TX,Uvalde,26405,5
2755,TX,Val Verde,48879,10
2756,TX,Van Zandt,52579,10
2757,TX,Victoria,86793,23
2758,TX,Walker,67861,10
2759,TX,Waller,43205,6
2760,TX,Ward,10658,3
2761,TX,Washington,33718,6
2762,TX,Webb,250304,61
2763,TX,Wharton,41280,11
2764,TX,Wheeler,5410,2
2765,TX,Wichita,131500,37
2766,TX,Wilbarger,13535,4
2767,TX,Willacy,22134,6
2768,TX,Williamson,422679,89
2769,TX,Wilson,42918,11
2770,TX,Winkler,7110,3
2771,TX,Wise,59127,11
2772,TX,Wood,41964,10
2773,TX,Yoakum,7879,2
2774,TX,Young,18550,4
2775,TX,Zapata,14018,3
2776,TX,Zavala,11677,4
2777,UT,Beaver,6629,2
2778,UT,Box Elder,49975,11
2779,UT,Cache,112656,26
2780,UT,Carbon,21403,5
2781,UT,Daggett,1059,1
2782,UT,Davis,306479,54
2783,UT,Duchesne,18607,3
2784,UT,Emery,10976,3
2785,UT,Garfield,5172,2
2786,UT,Grand,9225,2
2787,UT,Iron,46163,8
2788,UT,Juab,10246,2
2789,UT,Kane,7125,2
2790,UT,Millard,12503,3
2791,UT,Morgan,9469,2
2792,UT,Piute,1556,1
2793,UT,Rich,2264,1
2794,UT,Salt Lake,1029655,212
2795,UT,San Juan,14746,4
2796,UT,Sanpete,27822,5
2797,UT,Sevier,20802,5
2798,UT,Summit,36324,13
2799,UT,Tooele,58218,11
2800,UT,Uintah,32588,6
2801,UT,Utah,516564,128
2802,UT,Wasatch,23530,4
2803,UT,Washington,138115,21
2804,UT,Wayne,2778,1
2805,UT,Weber,231236,50
2806,VA,Accomack,33164,11
2807,VA,Albemarle,98970,22
2808,VA,Alexandria,139966,38
2809,VA,Alleghany,16250,6
2810,VA,Amelia,12690,2
2811,VA,Amherst,32353,9
2812,VA,Appomattox,14973,3
2813,VA,Arlington,207627,59
2814,VA,Augusta,73750,13
2815,VA,Bath,4731,1
2816,VA,Bedford,68676,16
2817,VA,Bedford City,6222,1
2818,VA,Bland,6824,2
2819,VA,Botetourt,33148,8
2820,VA,Bristol,17835,4
2821,VA,Brunswick,17434,5
2822,VA,Buchanan,24098,7
2823,VA,Buckingham,17146,4
2824,VA,Buena Vista,6650,1
2825,VA,Campbell,54842,12
2826,VA,Caroline,28545,7
2827,VA,Carroll,30042,7
2828,VA,Charles City,7256,3
2829,VA,Charlotte,12586,3
2830,VA,Charlottesville,43475,12
2831,VA,Chesapeake,222209,41
2832,VA,Chesterfield,316236,71
2833,VA,Clarke,14034,3
2834,VA,Colonial Heights,17411,5
2835,VA,Covington,5961,2
2836,VA,Craig,5190,1
2837,VA,Culpeper,46689,8
2838,VA,Cumberland,10052,2
2839,VA,Danville,43055,16
2840,VA,Dickenson,15903,4
2841,VA,Dinwiddie,28001,7
2842,VA,Emporia,5927,2
2843,VA,Essex,11151,3
2844,VA,Fairfax,1081726,258
2845,VA,Fairfax City,22565,5
2846,VA,Falls Church,12332,3
2847,VA,Fauquier,65203,17
2848,VA,Floyd,15279,3
2849,VA,Fluvanna,25691,4
2850,VA,Franklin,56159,10
2851,VA,Franklin City,8582,2
2852,VA,Frederick,78305,14
2853,VA,Fredericksburg,24286,6
2854,VA,Galax,7042,2
2855,VA,Giles,17286,4
2856,VA,Gloucester,36858,8
2857,VA,Goochland,21717,5
2858,VA,Grayson,15533,5
2859,VA,Greene,18403,3
2860,VA,Greensville,12243,3
2861,VA,Halifax,36241,9
2862,VA,Hampton,137436,34
2863,VA,Hanover,99863,23
2864,VA,Harrisonburg,48914,11
2865,VA,Henrico,306935,64
2866,VA,Henry,54151,14
2867,VA,Highland,2321,1
2868,VA,Hopewell,22591,7
2869,VA,Isle of Wight,35270,8
2870,VA,James City,67009,11
2871,VA,King George,23584,5
2872,VA,King William,15935,4
2873,VA,King and Queen,6945,2
2874,VA,Lancaster,11391,3
2875,VA,Lee,25587,6
2876,VA,Lexington,7042,1
2877,VA,Loudoun,312311,65
2878,VA,Louisa,33153,6
2879,VA,Lunenburg,12914,3
2880,VA,Lynchburg,75568,19
2881,VA,Madison,13308,2
2882,VA,Manassas,37821,7
2883,VA,Manassas Park,14273,2
2884,VA,Martinsville,13821,5
2885,VA,Mathews,8978,2
2886,VA,Mecklenburg,32727,9
2887,VA,Middlesex,10959,4
2888,VA,Montgomery,94392,16
2889,VA,Nelson,15020,3
2890,VA,New Kent,18429,3
2891,VA,Newport News,180719,44
2892,VA,Norfolk,242803,81
2893,VA,Northampton,12389,4
2894,VA,Northumberland,12330,3
2895,VA,Norton,3958,1
2896,VA,Nottoway,15853,4
2897,VA,Orange,33481,5
2898,VA,Page,24042,5
2899,VA,Patrick,18490,4
2900,VA,Petersburg,32420,11
2901,VA,Pittsylvania,63506,16
2902,VA,Poquoson,12150,3
2903,VA,Portsmouth,95535,31
2904,VA,Powhatan,28046,5
2905,VA,Prince Edward,23368,5
2906,VA,Prince George,35725,7
2907,VA,Prince William,402002,83
2908,VA,Pulaski,34872,10
2909,VA,Radford,16408,3
2910,VA,Rappahannock,7373,2
2911,VA,Richmond,9254,2
2912,VA,Richmond City,204214,66
2913,VA,Roanoke,92376,18
2914,VA,Roanoke City,97032,23
2915,VA,Rockbridge,22307,4
2916,VA,Rockingham,76314,19
2917,VA,Russell,28897,7
2918,VA,Salem,24802,5
2919,VA,Scott,23177,6
2920,VA,Shenandoah,41993,9
2921,VA,Smyth,32208,9
2922,VA,Southampton,18570,5
2923,VA,Spotsylvania,122397,30
2924,VA,Stafford,128961,27
2925,VA,Staunton,23746,6
2926,VA,Suffolk,84585,28
2927,VA,Surry,7058,2
2928,VA,Sussex,12087,5
2929,VA,Tazewell,45078,11
2930,VA,Virginia Beach,437994,100
2931,VA,Warren,37575,8
2932,VA,Washington,54876,13
2933,VA,Waynesboro,21006,5
2934,VA,Westmoreland,17454,4
2935,VA,Williamsburg,14068,3
2936,VA,Winchester,26203,5
2937,VA,Wise,41452,11
2938,VA,Wythe,29235,6
2939,VA,York,65464,14
2940,VT,Addison,36821,10
2941,VT,Bennington,37125,12
2942,VT,Caledonia,31227,10
2943,VT,Chittenden,156545,35
2944,VT,Essex,6306,3
2945,VT,Franklin,47746,10
2946,VT,Grand Isle,6970,2
2947,VT,Lamoille,24475,7
2948,VT,Orange,28936,10
2949,VT,Orleans,27231,10
2950,VT,Rutland,61642,20
2951,VT,Washington,59534,19
2952,VT,Windham,44513,18
2953,VT,Windsor,56670,18
2954,WA,Adams,18728,5
2955,WA,Asotin,21623,6
2956,WA,Benton,175177,37
2957,WA,Chelan,72453,14
2958,WA,Clallam,71404,22
2959,WA,Clark,425363,104
2960,WA,Columbia,4078,1
2961,WA,Cowlitz,102410,24
2962,WA,Douglas,38431,8
2963,WA,Ferry,7551,3
2964,WA,Franklin,78163,13
2965,WA,Garfield,2266,1
2966,WA,Grant,89120,16
2967,WA,Grays Harbor,72797,17
2968,WA,Island,78506,22
2969,WA,Jefferson,29872,7
2970,WA,King,1931249,397
2971,WA,Kitsap,251133,55
2972,WA,Kittitas,40915,8
2973,WA,Klickitat,20318,3
2974,WA,Lewis,75455,20
2975,WA,Lincoln,10570,4
2976,WA,Mason,60699,14
2977,WA,Okanogan,41120,10
2978,WA,Pacific,20920,8
2979,WA,Pend Oreille,13001,5
2980,WA,Pierce,795225,172
2981,WA,San Juan,15769,5
2982,WA,Skagit,116901,30
2983,WA,Skamania,11066,5
2984,WA,Snohomish,713335,151
2985,WA,Spokane,471221,105
2986,WA,Stevens,43531,12
2987,WA,Thurston,252264,49
2988,WA,Wahkiakum,3978,1
2989,WA,Walla Walla,58781,12
2990,WA,Whatcom,201140,34
2991,WA,Whitman,44776,10
2992,WA,Yakima,243231,45
2993,WI,Adams,20875,7
2994,WI,Ashland,16157,7
2995,WI,Barron,45870,10
2996,WI,Bayfield,15014,5
2997,WI,Brown,248007,54
2998,WI,Buffalo,13587,5
2999,WI,Burnett,15457,6
3000,WI,Calumet,48971,11
3001,WI,Chippewa,62415,11
3002,WI,Clark,34690,8
3003,WI,Columbia,56833,12
3004,WI,Crawford,16644,6
3005,WI,Dane,488073,107
3006,WI,Dodge,88759,20
3007,WI,Door,27785,9
3008,WI,Douglas,44159,12
3009,WI,Dunn,43857,8
3010,WI,Eau Claire,98736,20
3011,WI,Florence,4423,2
3012,WI,Fond du Lac,101633,20
3013,WI,Forest,9304,4
3014,WI,Grant,51208,12
3015,WI,Green,36842,8
3016,WI,Green Lake,19051,6
3017,WI,Iowa,23687,6
3018,WI,Iron,5916,3
3019,WI,Jackson,20449,5
3020,WI,Jefferson,83686,20
3021,WI,Juneau,26664,7
3022,WI,Kenosha,166426,35
3023,WI,Kewaunee,20574,4
3024,WI,La Crosse,114638,25
3025,WI,Lafayette,16836,5
3026,WI,Langlade,19977,6
3027,WI,Lincoln,28743,10
3028,WI,Manitowoc,81442,19
3029,WI,Marathon,134063,27
3030,WI,Marinette,41749,12
3031,WI,Marquette,15404,5
3032,WI,Menominee,4232,2
3033,WI,Milwaukee,947735,297
3034,WI,Monroe,44673,9
3035,WI,Oconto,37660,10
3036,WI,Oneida,35998,14
3037,WI,Outagamie,176695,40
3038,WI,Ozaukee,86395,18
3039,WI,Pepin,7469,2
3040,WI,Pierce,41019,8
3041,WI,Polk,44205,10
3042,WI,Portage,70019,14
3043,WI,Price,14159,6
3044,WI,Racine,195408,44
3045,WI,Richland,18021,5
3046,WI,Rock,160331,38
3047,WI,Rusk,14755,5
3048,WI,Sauk,61976,13
3049,WI,Sawyer,16557,6
3050,WI,Shawano,41949,11
3051,WI,Sheboygan,115507,26
3052,WI,St. Croix,84345,14
3053,WI,Taylor,20689,6
3054,WI,Trempealeau,28816,8
3055,WI,Vernon,29773,7
3056,WI,Vilas,21430,5
3057,WI,Walworth,102228,22
3058,WI,Washburn,15911,5
3059,WI,Washington,131887,28
3060,WI,Waukesha,389891,86
3061,WI,Waupaca,52410,12
3062,WI,Waushara,24496,7
3063,WI,Winnebago,166994,41
3064,WI,Wood,74749,17
3065,WV,Barbour,16589,4
3066,WV,Berkeley,104169,14
3067,WV,Boone,24629,8
3068,WV,Braxton,14523,3
3069,WV,Brooke,24069,6
3070,WV,Cabell,96319,29
3071,WV,Calhoun,7627,2
3072,WV,Clay,9386,3
3073,WV,Doddridge,8202,2
3074,WV,Fayette,46039,12
3075,WV,Gilmer,8693,2
3076,WV,Grant,11937,3
3077,WV,Greenbrier,35480,7
3078,WV,Hampshire,23964,5
3079,WV,Hancock,30676,8
3080,WV,Hardy,14025,3
3081,WV,Harrison,69099,22
3082,WV,Jackson,29211,6
3083,WV,Jefferson,53498,15
3084,WV,Kanawha,193063,53
3085,WV,Lewis,16372,5
3086,WV,Lincoln,21720,5
3087,WV,Logan,36743,9
3088,WV,Marion,56418,18
3089,WV,Marshall,33107,9
3090,WV,Mason,27324,6
3091,WV,McDowell,22113,8
3092,WV,Mercer,62264,16
3093,WV,Mineral,28212,7
3094,WV,Mingo,26839,7
3095,WV,Monongalia,96189,24
3096,WV,Monroe,13502,3
3097,WV,Morgan,17541,4
3098,WV,Nicholas,26233,7
3099,WV,Ohio,44443,18
3100,WV,Pendleton,7695,3
3101,WV,Pleasants,7605,2
3102,WV,Pocahontas,8719,4
3103,WV,Preston,33520,8
3104,WV,Putnam,55486,10
3105,WV,Raleigh,78859,17
3106,WV,Randolph,29405,7
3107,WV,Ritchie,10449,3
3108,WV,Roane,14926,4
3109,WV,Summers,13927,4
3110,WV,Taylor,16895,4
3111,WV,Tucker,7141,3
3112,WV,Tyler,9208,3
3113,WV,Upshur,24254,6
3114,WV,Wayne,42481,11
3115,WV,Webster,9154,3
3116,WV,Wetzel,16583,5
3117,WV,Wirt,5717,2
3118,WV,Wood,86956,26
3119,WV,Wyoming,23796,6
3120,WY,Albany,36299,10
3121,WY,Big Horn,11668,3
3122,WY,Campbell,46133,7
3123,WY,Carbon,15885,5
3124,WY,Converse,13833,4
3125,WY,Crook,7083,2
3126,WY,Fremont,40123,10
3127,WY,Goshen,13249,4
3128,WY,Hot Springs,4812,2
3129,WY,Johnson,8569,2
3130,WY,Laramie,91738,21
3131,WY,Lincoln,18106,4
3132,WY,Natrona,75450,18
3133,WY,Niobrara,2484,1
3134,WY,Park,28205,5
3135,WY,Platte,8667,2
3136,WY,Sheridan,29116,6
3137,WY,Sublette,10247,2
3138,WY,Sweetwater,43806,12
3139,WY,Teton,21294,4
3140,WY,Uinta,21118,3
3141,WY,Washakie,8533,3
3142,WY,Weston,7208,2
